ㄴ,0,0,0,E,*,ㄴ,*,*,*,*
ㄴ가,0,0,0,E,*,ㄴ가,*,*,*,*
ㄴ감,0,0,0,E,*,ㄴ감,*,*,*,*
ㄴ걸,0,0,0,E,*,ㄴ걸,*,*,*,*
ㄴ고,0,0,0,E,*,ㄴ고,*,*,*,*
ㄴ다,0,0,0,E,*,ㄴ다,*,*,*,*
ㄴ다거나,0,0,0,E,*,ㄴ다거나,*,*,*,*
ㄴ다거든,0,0,0,E,*,ㄴ다거든,*,*,*,*
ㄴ다고,0,0,0,E,*,ㄴ다고,*,*,*,*
ㄴ다구,0,0,0,E,*,ㄴ다구,*,*,*,*
ㄴ다기에,0,0,0,E,*,ㄴ다기에,*,*,*,*
ㄴ다길래,0,0,0,E,*,ㄴ다길래,*,*,*,*
ㄴ다나,0,0,0,E,*,ㄴ다나,*,*,*,*
ㄴ다네,0,0,0,E,*,ㄴ다네,*,*,*,*
ㄴ다느냐,0,0,0,E,*,ㄴ다느냐,*,*,*,*
ㄴ다느니,0,0,0,E,*,ㄴ다느니,*,*,*,*
ㄴ다는,0,0,0,E,*,ㄴ다는,*,*,*,*
ㄴ다는구나,0,0,0,E,*,ㄴ다는구나,*,*,*,*
ㄴ다는구먼,0,0,0,E,*,ㄴ다는구먼,*,*,*,*
ㄴ다니,0,0,0,E,*,ㄴ다니,*,*,*,*
ㄴ다니까,0,0,0,E,*,ㄴ다니까,*,*,*,*
ㄴ다더군,0,0,0,E,*,ㄴ다더군,*,*,*,*
ㄴ다더니,0,0,0,E,*,ㄴ다더니,*,*,*,*
ㄴ다더라,0,0,0,E,*,ㄴ다더라,*,*,*,*
ㄴ다던,0,0,0,E,*,ㄴ다던,*,*,*,*
ㄴ다던가,0,0,0,E,*,ㄴ다던가,*,*,*,*
ㄴ다던데,0,0,0,E,*,ㄴ다던데,*,*,*,*
ㄴ다데,0,0,0,E,*,ㄴ다데,*,*,*,*
ㄴ다든,0,0,0,E,*,ㄴ다든,*,*,*,*
ㄴ다든가,0,0,0,E,*,ㄴ다든가,*,*,*,*
ㄴ다든지,0,0,0,E,*,ㄴ다든지,*,*,*,*
ㄴ다마는,0,0,0,E,*,ㄴ다마는,*,*,*,*
ㄴ다만,0,0,0,E,*,ㄴ다만,*,*,*,*
ㄴ다며,0,0,0,E,*,ㄴ다며,*,*,*,*
ㄴ다면,0,0,0,E,*,ㄴ다면,*,*,*,*
ㄴ다면서,0,0,0,E,*,ㄴ다면서,*,*,*,*
ㄴ다손,0,0,0,E,*,ㄴ다손,*,*,*,*
ㄴ다오,0,0,0,E,*,ㄴ다오,*,*,*,*
ㄴ다지,0,0,0,E,*,ㄴ다지,*,*,*,*
ㄴ단,0,0,0,E,*,ㄴ단,*,*,*,*
ㄴ단다,0,0,0,E,*,ㄴ단다,*,*,*,*
ㄴ달,0,0,0,E,*,ㄴ달,*,*,*,*
ㄴ달까,0,0,0,E,*,ㄴ달까,*,*,*,*
ㄴ담,0,0,0,E,*,ㄴ담,*,*,*,*
ㄴ답니까,0,0,0,E,*,ㄴ답니까,*,*,*,*
ㄴ답니다,0,0,0,E,*,ㄴ답니다,*,*,*,*
ㄴ답디까,0,0,0,E,*,ㄴ답디까,*,*,*,*
ㄴ답디다,0,0,0,E,*,ㄴ답디다,*,*,*,*
ㄴ답시고,0,0,0,E,*,ㄴ답시고,*,*,*,*
ㄴ대,0,0,0,E,*,ㄴ대,*,*,*,*
ㄴ대나,0,0,0,E,*,ㄴ대나,*,*,*,*
ㄴ대도,0,0,0,E,*,ㄴ대도,*,*,*,*
ㄴ대두,0,0,0,E,*,ㄴ대두,*,*,*,*
ㄴ대서,0,0,0,E,*,ㄴ대서,*,*,*,*
ㄴ대서야,0,0,0,E,*,ㄴ대서야,*,*,*,*
ㄴ대야,0,0,0,E,*,ㄴ대야,*,*,*,*
ㄴ대요,0,0,0,E,*,ㄴ대요,*,*,*,*
ㄴ댄다,0,0,0,E,*,ㄴ댄다,*,*,*,*
ㄴ댔어,0,0,0,E,*,ㄴ댔어,*,*,*,*
ㄴ댔자,0,0,0,E,*,ㄴ댔자,*,*,*,*
ㄴ데,0,0,0,E,*,ㄴ데,*,*,*,*
ㄴ뎁쇼,0,0,0,E,*,ㄴ뎁쇼,*,*,*,*
ㄴ들,0,0,0,E,*,ㄴ들,*,*,*,*
ㄴ바,0,0,0,E,*,ㄴ바,*,*,*,*
ㄴ즉,0,0,0,E,*,ㄴ즉,*,*,*,*
ㄴ즉슨,0,0,0,E,*,ㄴ즉슨,*,*,*,*
ㄴ지,0,0,0,E,*,ㄴ지,*,*,*,*
ㄴ지고,0,0,0,E,*,ㄴ지고,*,*,*,*
ㄴ지라,0,0,0,E,*,ㄴ지라,*,*,*,*
ㄹ,0,0,0,E,*,ㄹ,*,*,*,*
ㄹ거나,0,0,0,E,*,ㄹ거나,*,*,*,*
ㄹ걸,0,0,0,E,*,ㄹ걸,*,*,*,*
ㄹ게,0,0,0,E,*,ㄹ게,*,*,*,*
ㄹ고,0,0,0,E,*,ㄹ고,*,*,*,*
ㄹ까,0,0,0,E,*,ㄹ까,*,*,*,*
ㄹ깝쇼,0,0,0,E,*,ㄹ깝쇼,*,*,*,*
ㄹ껄,0,0,0,E,*,ㄹ껄,*,*,*,*
ㄹ께,0,0,0,E,*,ㄹ께,*,*,*,*
ㄹ꼬,0,0,0,E,*,ㄹ꼬,*,*,*,*
ㄹ는지,0,0,0,E,*,ㄹ는지,*,*,*,*
ㄹ데라니,0,0,0,E,*,ㄹ데라니,*,*,*,*
ㄹ라,0,0,0,E,*,ㄹ라,*,*,*,*
ㄹ라고,0,0,0,E,*,ㄹ라고,*,*,*,*
ㄹ라구,0,0,0,E,*,ㄹ라구,*,*,*,*
ㄹ라면,0,0,0,E,*,ㄹ라면,*,*,*,*
ㄹ라치면,0,0,0,E,*,ㄹ라치면,*,*,*,*
ㄹ락,0,0,0,E,*,ㄹ락,*,*,*,*
ㄹ란다,0,0,0,E,*,ㄹ란다,*,*,*,*
ㄹ래,0,0,0,E,*,ㄹ래,*,*,*,*
ㄹ래도,0,0,0,E,*,ㄹ래도,*,*,*,*
ㄹ래야,0,0,0,E,*,ㄹ래야,*,*,*,*
ㄹ러니,0,0,0,E,*,ㄹ러니,*,*,*,*
ㄹ러라,0,0,0,E,*,ㄹ러라,*,*,*,*
ㄹ런가,0,0,0,E,*,ㄹ런가,*,*,*,*
ㄹ런고,0,0,0,E,*,ㄹ런고,*,*,*,*
ㄹ런지,0,0,0,E,*,ㄹ런지,*,*,*,*
ㄹ레라,0,0,0,E,*,ㄹ레라,*,*,*,*
ㄹ려고,0,0,0,E,*,ㄹ려고,*,*,*,*
ㄹ려구,0,0,0,E,*,ㄹ려구,*,*,*,*
ㄹ려면,0,0,0,E,*,ㄹ려면,*,*,*,*
ㄹ른지,0,0,0,E,*,ㄹ른지,*,*,*,*
ㄹ망정,0,0,0,E,*,ㄹ망정,*,*,*,*
ㄹ밖에,0,0,0,E,*,ㄹ밖에,*,*,*,*
ㄹ뿐더러,0,0,0,E,*,ㄹ뿐더러,*,*,*,*
ㄹ사,0,0,0,E,*,ㄹ사,*,*,*,*
ㄹ새,0,0,0,E,*,ㄹ새,*,*,*,*
ㄹ세,0,0,0,E,*,ㄹ세,*,*,*,*
ㄹ세라,0,0,0,E,*,ㄹ세라,*,*,*,*
ㄹ세말이지,0,0,0,E,*,ㄹ세말이지,*,*,*,*
ㄹ소냐,0,0,0,E,*,ㄹ소냐,*,*,*,*
ㄹ손가,0,0,0,E,*,ㄹ손가,*,*,*,*
ㄹ수록,0,0,0,E,*,ㄹ수록,*,*,*,*
ㄹ시,0,0,0,E,*,ㄹ시,*,*,*,*
ㄹ시고,0,0,0,E,*,ㄹ시고,*,*,*,*
ㄹ쏘냐,0,0,0,E,*,ㄹ쏘냐,*,*,*,*
ㄹ쏜가,0,0,0,E,*,ㄹ쏜가,*,*,*,*
ㄹ작시면,0,0,0,E,*,ㄹ작시면,*,*,*,*
ㄹ지,0,0,0,E,*,ㄹ지,*,*,*,*
ㄹ지나,0,0,0,E,*,ㄹ지나,*,*,*,*
ㄹ지니,0,0,0,E,*,ㄹ지니,*,*,*,*
ㄹ지니라,0,0,0,E,*,ㄹ지니라,*,*,*,*
ㄹ지라,0,0,0,E,*,ㄹ지라,*,*,*,*
ㄹ지라도,0,0,0,E,*,ㄹ지라도,*,*,*,*
ㄹ지로다,0,0,0,E,*,ㄹ지로다,*,*,*,*
ㄹ지며,0,0,0,E,*,ㄹ지며,*,*,*,*
ㄹ지어다,0,0,0,E,*,ㄹ지어다,*,*,*,*
ㄹ지언정,0,0,0,E,*,ㄹ지언정,*,*,*,*
ㄹ진대,0,0,0,E,*,ㄹ진대,*,*,*,*
ㄹ진저,0,0,0,E,*,ㄹ진저,*,*,*,*
ㅁ,0,0,0,E,*,ㅁ,*,*,*,*
ㅁ세,0,0,0,E,*,ㅁ세,*,*,*,*
ㅁ에도,0,0,0,E,*,ㅁ에도,*,*,*,*
ㅁ에랴,0,0,0,E,*,ㅁ에랴,*,*,*,*
ㅂ네,0,0,0,E,*,ㅂ네,*,*,*,*
ㅂ니까,0,0,0,E,*,ㅂ니까,*,*,*,*
ㅂ니다,0,0,0,E,*,ㅂ니다,*,*,*,*
ㅂ디까,0,0,0,E,*,ㅂ디까,*,*,*,*
ㅂ디다,0,0,0,E,*,ㅂ디다,*,*,*,*
ㅂ쇼,0,0,0,E,*,ㅂ쇼,*,*,*,*
ㅂ시다,0,0,0,E,*,ㅂ시다,*,*,*,*
ㅂ시사,0,0,0,E,*,ㅂ시사,*,*,*,*
ㅂ시오,0,0,0,E,*,ㅂ시오,*,*,*,*
ㅂ죠,0,0,0,E,*,ㅂ죠,*,*,*,*
ㅂ지요,0,0,0,E,*,ㅂ지요,*,*,*,*
ㅆ,0,0,0,E,*,ㅆ,*,*,*,*
ㅆ겠,0,0,0,E,*,ㅆ겠,*,*,*,*
ㅆ었,0,0,0,E,*,ㅆ었,*,*,*,*
ㅆ었겠,0,0,0,E,*,ㅆ었겠,*,*,*,*
가,0,0,0,E,F,가,*,*,*,*
감,0,0,0,E,T,감,*,*,*,*
거나,0,0,0,E,F,거나,*,*,*,*
거늘,0,0,0,E,T,거늘,*,*,*,*
거니,0,0,0,E,F,거니,*,*,*,*
거니와,0,0,0,E,F,거니와,*,*,*,*
거드면,0,0,0,E,T,거드면,*,*,*,*
거든,0,0,0,E,T,거든,*,*,*,*
거들랑,0,0,0,E,T,거들랑,*,*,*,*
거라,0,0,0,E,F,거라,*,*,*,*
건,0,0,0,E,T,건,*,*,*,*
건대,0,0,0,E,F,건대,*,*,*,*
건마는,0,0,0,E,T,건마는,*,*,*,*
건만,0,0,0,E,T,건만,*,*,*,*
걸,0,0,0,E,T,걸,*,*,*,*
걸랑,0,0,0,E,T,걸랑,*,*,*,*
것,0,0,0,E,T,것,*,*,*,*
것다,0,0,0,E,F,것다,*,*,*,*
게,0,0,0,E,F,게,*,*,*,*
게끔,0,0,0,E,T,게끔,*,*,*,*
게나,0,0,0,E,F,게나,*,*,*,*
게스리,0,0,0,E,F,게스리,*,*,*,*
게시리,0,0,0,E,F,게시리,*,*,*,*
겟,0,0,0,E,T,겟,*,*,*,*
겠,0,0,0,E,T,겠,*,*,*,*
겠사오,0,0,0,E,F,겠사오,*,*,*,*
겠사옵,0,0,0,E,T,겠사옵,*,*,*,*
계시는,0,0,0,E,T,계시는,*,*,*,*
고,0,0,0,E,F,고,*,*,*,*
고는,0,0,0,E,T,고는,*,*,*,*
고도,0,0,0,E,F,고도,*,*,*,*
고말고,0,0,0,E,F,고말고,*,*,*,*
고서,0,0,0,E,F,고서,*,*,*,*
고선,0,0,0,E,T,고선,*,*,*,*
고야,0,0,0,E,F,고야,*,*,*,*
고자,0,0,0,E,F,고자,*,*,*,*
고저,0,0,0,E,F,고저,*,*,*,*
고프,0,0,0,E,F,고프,*,*,*,*
곤,0,0,0,E,T,곤,*,*,*,*
관데,0,0,0,E,F,관데,*,*,*,*
구,0,0,0,E,F,구,*,*,*,*
구나,0,0,0,E,F,구나,*,*,*,*
구려,0,0,0,E,F,구려,*,*,*,*
구료,0,0,0,E,F,구료,*,*,*,*
구만,0,0,0,E,T,구만,*,*,*,*
구말구,0,0,0,E,F,구말구,*,*,*,*
구먼,0,0,0,E,T,구먼,*,*,*,*
구서,0,0,0,E,F,구서,*,*,*,*
구자,0,0,0,E,F,구자,*,*,*,*
구자요,0,0,0,E,F,구자요,*,*,*,*
군,0,0,0,E,T,군,*,*,*,*
그,0,0,0,E,F,그,*,*,*,*
기,0,0,0,E,F,기,*,*,*,*
기로,0,0,0,E,F,기로,*,*,*,*
기로니,0,0,0,E,F,기로니,*,*,*,*
기로서,0,0,0,E,F,기로서,*,*,*,*
기로서니,0,0,0,E,F,기로서니,*,*,*,*
기로선들,0,0,0,E,T,기로선들,*,*,*,*
기에,0,0,0,E,F,기에,*,*,*,*
긴,0,0,0,E,T,긴,*,*,*,*
길,0,0,0,E,T,길,*,*,*,*
길래,0,0,0,E,F,길래,*,*,*,*
까,0,0,0,E,F,까,*,*,*,*
까나,0,0,0,E,F,까나,*,*,*,*
까말까,0,0,0,E,F,까말까,*,*,*,*
까요,0,0,0,E,F,까요,*,*,*,*
깝쇼,0,0,0,E,F,깝쇼,*,*,*,*
께,0,0,0,E,F,께,*,*,*,*
껭,0,0,0,E,T,껭,*,*,*,*
꼬,0,0,0,E,F,꼬,*,*,*,*
나,0,0,0,E,F,나,*,*,*,*
나니,0,0,0,E,F,나니,*,*,*,*
나니라,0,0,0,E,F,나니라,*,*,*,*
나마,0,0,0,E,F,나마,*,*,*,*
나이까,0,0,0,E,F,나이까,*,*,*,*
나이다,0,0,0,E,F,나이다,*,*,*,*
남,0,0,0,E,T,남,*,*,*,*
내,0,0,0,E,F,내,*,*,*,*
냐,0,0,0,E,F,냐,*,*,*,*
냐고,0,0,0,E,F,냐고,*,*,*,*
냐구,0,0,0,E,F,냐구,*,*,*,*
냐는,0,0,0,E,T,냐는,*,*,*,*
냐니,0,0,0,E,F,냐니,*,*,*,*
냐니까,0,0,0,E,F,냐니까,*,*,*,*
냐며,0,0,0,E,F,냐며,*,*,*,*
냐면,0,0,0,E,T,냐면,*,*,*,*
냐면서,0,0,0,E,F,냐면서,*,*,*,*
냔,0,0,0,E,T,냔,*,*,*,*
너라,0,0,0,E,F,너라,*,*,*,*
네,0,0,0,E,F,네,*,*,*,*
노니,0,0,0,E,F,노니,*,*,*,*
노라,0,0,0,E,F,노라,*,*,*,*
노라고,0,0,0,E,F,노라고,*,*,*,*
노라네,0,0,0,E,F,노라네,*,*,*,*
노라니,0,0,0,E,F,노라니,*,*,*,*
노라니까,0,0,0,E,F,노라니까,*,*,*,*
노라던,0,0,0,E,T,노라던,*,*,*,*
노라며,0,0,0,E,F,노라며,*,*,*,*
노라면,0,0,0,E,T,노라면,*,*,*,*
노라면서,0,0,0,E,F,노라면서,*,*,*,*
뇨,0,0,0,E,F,뇨,*,*,*,*
누,0,0,0,E,F,누,*,*,*,*
누나,0,0,0,E,F,누나,*,*,*,*
누만,0,0,0,E,T,누만,*,*,*,*
누먼,0,0,0,E,T,누먼,*,*,*,*
느냐,0,0,0,E,F,느냐,*,*,*,*
느냐고,0,0,0,E,F,느냐고,*,*,*,*
느냐구,0,0,0,E,F,느냐구,*,*,*,*
느냐는,0,0,0,E,T,느냐는,*,*,*,*
느냐니,0,0,0,E,F,느냐니,*,*,*,*
느냐니까,0,0,0,E,F,느냐니까,*,*,*,*
느냐며,0,0,0,E,F,느냐며,*,*,*,*
느냐면,0,0,0,E,T,느냐면,*,*,*,*
느냐면서,0,0,0,E,F,느냐면서,*,*,*,*
느냔,0,0,0,E,T,느냔,*,*,*,*
느뇨,0,0,0,E,F,느뇨,*,*,*,*
느니,0,0,0,E,F,느니,*,*,*,*
느니라,0,0,0,E,F,느니라,*,*,*,*
느니만,0,0,0,E,T,느니만,*,*,*,*
느니만치,0,0,0,E,F,느니만치,*,*,*,*
느니만큼,0,0,0,E,T,느니만큼,*,*,*,*
느라,0,0,0,E,F,느라,*,*,*,*
느라고,0,0,0,E,F,느라고,*,*,*,*
느라구,0,0,0,E,F,느라구,*,*,*,*
느라니,0,0,0,E,F,느라니,*,*,*,*
느라니까,0,0,0,E,F,느라니까,*,*,*,*
느라면,0,0,0,E,T,느라면,*,*,*,*
는,0,0,0,E,T,는,*,*,*,*
는가,0,0,0,E,F,는가,*,*,*,*
는감,0,0,0,E,T,는감,*,*,*,*
는걸,0,0,0,E,T,는걸,*,*,*,*
는고,0,0,0,E,F,는고,*,*,*,*
는구나,0,0,0,E,F,는구나,*,*,*,*
는구려,0,0,0,E,F,는구려,*,*,*,*
는구만,0,0,0,E,T,는구만,*,*,*,*
는구먼,0,0,0,E,T,는구먼,*,*,*,*
는군,0,0,0,E,T,는군,*,*,*,*
는다,0,0,0,E,F,는다,*,*,*,*
는다거나,0,0,0,E,F,는다거나,*,*,*,*
는다거든,0,0,0,E,T,는다거든,*,*,*,*
는다고,0,0,0,E,F,는다고,*,*,*,*
는다구,0,0,0,E,F,는다구,*,*,*,*
는다기에,0,0,0,E,F,는다기에,*,*,*,*
는다길래,0,0,0,E,F,는다길래,*,*,*,*
는다나,0,0,0,E,F,는다나,*,*,*,*
는다네,0,0,0,E,F,는다네,*,*,*,*
는다느냐,0,0,0,E,F,는다느냐,*,*,*,*
는다느니,0,0,0,E,F,는다느니,*,*,*,*
는다는,0,0,0,E,T,는다는,*,*,*,*
는다는구나,0,0,0,E,F,는다는구나,*,*,*,*
는다는구먼,0,0,0,E,T,는다는구먼,*,*,*,*
는다니,0,0,0,E,F,는다니,*,*,*,*
는다니까,0,0,0,E,F,는다니까,*,*,*,*
는다더군,0,0,0,E,T,는다더군,*,*,*,*
는다더니,0,0,0,E,F,는다더니,*,*,*,*
는다더라,0,0,0,E,F,는다더라,*,*,*,*
는다던,0,0,0,E,T,는다던,*,*,*,*
는다던가,0,0,0,E,F,는다던가,*,*,*,*
는다던데,0,0,0,E,F,는다던데,*,*,*,*
는다던지,0,0,0,E,F,는다던지,*,*,*,*
는다데,0,0,0,E,F,는다데,*,*,*,*
는다든,0,0,0,E,T,는다든,*,*,*,*
는다든가,0,0,0,E,F,는다든가,*,*,*,*
는다든지,0,0,0,E,F,는다든지,*,*,*,*
는다마는,0,0,0,E,T,는다마는,*,*,*,*
는다만,0,0,0,E,T,는다만,*,*,*,*
는다며,0,0,0,E,F,는다며,*,*,*,*
는다면,0,0,0,E,T,는다면,*,*,*,*
는다면서,0,0,0,E,F,는다면서,*,*,*,*
는다손,0,0,0,E,T,는다손,*,*,*,*
는다오,0,0,0,E,F,는다오,*,*,*,*
는다지,0,0,0,E,F,는다지,*,*,*,*
는단,0,0,0,E,T,는단,*,*,*,*
는단다,0,0,0,E,F,는단다,*,*,*,*
는달,0,0,0,E,T,는달,*,*,*,*
는달까,0,0,0,E,F,는달까,*,*,*,*
는담,0,0,0,E,T,는담,*,*,*,*
는답니까,0,0,0,E,F,는답니까,*,*,*,*
는답니다,0,0,0,E,F,는답니다,*,*,*,*
는답디까,0,0,0,E,F,는답디까,*,*,*,*
는답디다,0,0,0,E,F,는답디다,*,*,*,*
는답시고,0,0,0,E,F,는답시고,*,*,*,*
는답시구,0,0,0,E,F,는답시구,*,*,*,*
는대,0,0,0,E,F,는대,*,*,*,*
는대나,0,0,0,E,F,는대나,*,*,*,*
는대도,0,0,0,E,F,는대도,*,*,*,*
는대두,0,0,0,E,F,는대두,*,*,*,*
는대서,0,0,0,E,F,는대서,*,*,*,*
는대서야,0,0,0,E,F,는대서야,*,*,*,*
는대야,0,0,0,E,F,는대야,*,*,*,*
는대요,0,0,0,E,F,는대요,*,*,*,*
는댄다,0,0,0,E,F,는댄다,*,*,*,*
는댔어,0,0,0,E,F,는댔어,*,*,*,*
는댔자,0,0,0,E,F,는댔자,*,*,*,*
는데,0,0,0,E,F,는데,*,*,*,*
는뎁쇼,0,0,0,E,F,는뎁쇼,*,*,*,*
는도다,0,0,0,E,F,는도다,*,*,*,*
는바,0,0,0,E,F,는바,*,*,*,*
는지,0,0,0,E,F,는지,*,*,*,*
는지고,0,0,0,E,F,는지고,*,*,*,*
는지라,0,0,0,E,F,는지라,*,*,*,*
는지요,0,0,0,E,F,는지요,*,*,*,*
늰다,0,0,0,E,F,늰다,*,*,*,*
니,0,0,0,E,F,니,*,*,*,*
니까,0,0,0,E,F,니까,*,*,*,*
니깐,0,0,0,E,T,니깐,*,*,*,*
니다,0,0,0,E,F,니다,*,*,*,*
니당,0,0,0,E,T,니당,*,*,*,*
니라,0,0,0,E,F,니라,*,*,*,*
니만큼,0,0,0,E,T,니만큼,*,*,*,*
다,0,0,0,E,F,다,*,*,*,*
다가,0,0,0,E,F,다가,*,*,*,*
다가는,0,0,0,E,T,다가는,*,*,*,*
다간,0,0,0,E,T,다간,*,*,*,*
다거나,0,0,0,E,F,다거나,*,*,*,*
다거니,0,0,0,E,F,다거니,*,*,*,*
다고,0,0,0,E,F,다고,*,*,*,*
다고들,0,0,0,E,T,다고들,*,*,*,*
다곤,0,0,0,E,T,다곤,*,*,*,*
다구,0,0,0,E,F,다구,*,*,*,*
다구들,0,0,0,E,T,다구들,*,*,*,*
다군,0,0,0,E,T,다군,*,*,*,*
다기,0,0,0,E,F,다기,*,*,*,*
다기로,0,0,0,E,F,다기로,*,*,*,*
다기에,0,0,0,E,F,다기에,*,*,*,*
다나,0,0,0,E,F,다나,*,*,*,*
다네,0,0,0,E,F,다네,*,*,*,*
다느냐,0,0,0,E,F,다느냐,*,*,*,*
다느니,0,0,0,E,F,다느니,*,*,*,*
다는,0,0,0,E,T,다는,*,*,*,*
다는구나,0,0,0,E,F,다는구나,*,*,*,*
다는구먼,0,0,0,E,T,다는구먼,*,*,*,*
다는군,0,0,0,E,T,다는군,*,*,*,*
다는데,0,0,0,E,F,다는데,*,*,*,*
다는지,0,0,0,E,F,다는지,*,*,*,*
다니,0,0,0,E,F,다니,*,*,*,*
다니까,0,0,0,E,F,다니까,*,*,*,*
다더구나,0,0,0,E,F,다더구나,*,*,*,*
다더구먼,0,0,0,E,T,다더구먼,*,*,*,*
다더군,0,0,0,E,T,다더군,*,*,*,*
다더냐,0,0,0,E,F,다더냐,*,*,*,*
다더니,0,0,0,E,F,다더니,*,*,*,*
다더라,0,0,0,E,F,다더라,*,*,*,*
다던,0,0,0,E,T,다던,*,*,*,*
다던가,0,0,0,E,F,다던가,*,*,*,*
다던데,0,0,0,E,F,다던데,*,*,*,*
다데,0,0,0,E,F,다데,*,*,*,*
다드냐,0,0,0,E,F,다드냐,*,*,*,*
다든가,0,0,0,E,F,다든가,*,*,*,*
다든지,0,0,0,E,F,다든지,*,*,*,*
다마는,0,0,0,E,T,다마는,*,*,*,*
다마다,0,0,0,E,F,다마다,*,*,*,*
다만,0,0,0,E,T,다만,*,*,*,*
다며,0,0,0,E,F,다며,*,*,*,*
다면,0,0,0,E,T,다면,*,*,*,*
다면서,0,0,0,E,F,다면서,*,*,*,*
다면야,0,0,0,E,F,다면야,*,*,*,*
다손,0,0,0,E,T,다손,*,*,*,*
다시피,0,0,0,E,F,다시피,*,*,*,*
다오,0,0,0,E,F,다오,*,*,*,*
다우,0,0,0,E,F,다우,*,*,*,*
다지,0,0,0,E,F,다지,*,*,*,*
다지만,0,0,0,E,T,다지만,*,*,*,*
단,0,0,0,E,T,단,*,*,*,*
단다,0,0,0,E,F,단다,*,*,*,*
달,0,0,0,E,T,달,*,*,*,*
담,0,0,0,E,T,담,*,*,*,*
답니까,0,0,0,E,F,답니까,*,*,*,*
답니다,0,0,0,E,F,답니다,*,*,*,*
답니당,0,0,0,E,T,답니당,*,*,*,*
답디까,0,0,0,E,F,답디까,*,*,*,*
답디다,0,0,0,E,F,답디다,*,*,*,*
답시고,0,0,0,E,F,답시고,*,*,*,*
답시구,0,0,0,E,F,답시구,*,*,*,*
당,0,0,0,E,T,당,*,*,*,*
대,0,0,0,E,F,대,*,*,*,*
대니까,0,0,0,E,F,대니까,*,*,*,*
대서,0,0,0,E,F,대서,*,*,*,*
대야,0,0,0,E,F,대야,*,*,*,*
대요,0,0,0,E,F,대요,*,*,*,*
대지,0,0,0,E,F,대지,*,*,*,*
댑니다,0,0,0,E,F,댑니다,*,*,*,*
댔는데,0,0,0,E,F,댔는데,*,*,*,*
댔니,0,0,0,E,F,댔니,*,*,*,*
댔다,0,0,0,E,F,댔다,*,*,*,*
댔어,0,0,0,E,F,댔어,*,*,*,*
댔자,0,0,0,E,F,댔자,*,*,*,*
댔지,0,0,0,E,F,댔지,*,*,*,*
더,0,0,0,E,F,더,*,*,*,*
더구나,0,0,0,E,F,더구나,*,*,*,*
더구려,0,0,0,E,F,더구려,*,*,*,*
더구만,0,0,0,E,T,더구만,*,*,*,*
더구먼,0,0,0,E,T,더구먼,*,*,*,*
더군,0,0,0,E,T,더군,*,*,*,*
더냐,0,0,0,E,F,더냐,*,*,*,*
더냐는,0,0,0,E,T,더냐는,*,*,*,*
더냔,0,0,0,E,T,더냔,*,*,*,*
더뇨,0,0,0,E,F,더뇨,*,*,*,*
더니,0,0,0,E,F,더니,*,*,*,*
더니라,0,0,0,E,F,더니라,*,*,*,*
더니마는,0,0,0,E,T,더니마는,*,*,*,*
더니이까,0,0,0,E,F,더니이까,*,*,*,*
더니이다,0,0,0,E,F,더니이다,*,*,*,*
더라,0,0,0,E,F,더라,*,*,*,*
더라고,0,0,0,E,F,더라고,*,*,*,*
더라구,0,0,0,E,F,더라구,*,*,*,*
더라나,0,0,0,E,F,더라나,*,*,*,*
더라네,0,0,0,E,F,더라네,*,*,*,*
더라넹,0,0,0,E,T,더라넹,*,*,*,*
더라는,0,0,0,E,T,더라는,*,*,*,*
더라는구려,0,0,0,E,F,더라는구려,*,*,*,*
더라니,0,0,0,E,F,더라니,*,*,*,*
더라니까,0,0,0,E,F,더라니까,*,*,*,*
더라도,0,0,0,E,F,더라도,*,*,*,*
더라두,0,0,0,E,F,더라두,*,*,*,*
더라며,0,0,0,E,F,더라며,*,*,*,*
더라면,0,0,0,E,T,더라면,*,*,*,*
더라면서,0,0,0,E,F,더라면서,*,*,*,*
더라손,0,0,0,E,T,더라손,*,*,*,*
더라오,0,0,0,E,F,더라오,*,*,*,*
더라죠,0,0,0,E,F,더라죠,*,*,*,*
더라죵,0,0,0,E,T,더라죵,*,*,*,*
더라지,0,0,0,E,F,더라지,*,*,*,*
더란,0,0,0,E,T,더란,*,*,*,*
더란다,0,0,0,E,F,더란다,*,*,*,*
더람,0,0,0,E,T,더람,*,*,*,*
더랍니까,0,0,0,E,F,더랍니까,*,*,*,*
더랍니다,0,0,0,E,F,더랍니다,*,*,*,*
더랍디까,0,0,0,E,F,더랍디까,*,*,*,*
더래,0,0,0,E,F,더래,*,*,*,*
더래도,0,0,0,E,F,더래도,*,*,*,*
더래두,0,0,0,E,F,더래두,*,*,*,*
더랬습니다,0,0,0,E,F,더랬습니다,*,*,*,*
더랬어,0,0,0,E,F,더랬어,*,*,*,*
더면,0,0,0,E,T,더면,*,*,*,*
더이까,0,0,0,E,F,더이까,*,*,*,*
더이다,0,0,0,E,F,더이다,*,*,*,*
던,0,0,0,E,T,던,*,*,*,*
던가,0,0,0,E,F,던가,*,*,*,*
던감,0,0,0,E,T,던감,*,*,*,*
던걸,0,0,0,E,T,던걸,*,*,*,*
던고,0,0,0,E,F,던고,*,*,*,*
던데,0,0,0,E,F,던데,*,*,*,*
던들,0,0,0,E,T,던들,*,*,*,*
던바,0,0,0,E,F,던바,*,*,*,*
던지,0,0,0,E,F,던지,*,*,*,*
던지라,0,0,0,E,F,던지라,*,*,*,*
던지라서,0,0,0,E,F,던지라서,*,*,*,*
데,0,0,0,E,F,데,*,*,*,*
데라니,0,0,0,E,F,데라니,*,*,*,*
뎁쇼,0,0,0,E,F,뎁쇼,*,*,*,*
도,0,0,0,E,F,도,*,*,*,*
도다,0,0,0,E,F,도다,*,*,*,*
도록,0,0,0,E,T,도록,*,*,*,*
돠,0,0,0,E,F,돠,*,*,*,*
되,0,0,0,E,F,되,*,*,*,*
드냐,0,0,0,E,F,드냐,*,*,*,*
드냐는,0,0,0,E,T,드냐는,*,*,*,*
드냔,0,0,0,E,T,드냔,*,*,*,*
드뇨,0,0,0,E,F,드뇨,*,*,*,*
드라는구려,0,0,0,E,F,드라는구려,*,*,*,*
드라도,0,0,0,E,F,드라도,*,*,*,*
드라두,0,0,0,E,F,드라두,*,*,*,*
드라며,0,0,0,E,F,드라며,*,*,*,*
드라면,0,0,0,E,T,드라면,*,*,*,*
드라면서,0,0,0,E,F,드라면서,*,*,*,*
드라손,0,0,0,E,T,드라손,*,*,*,*
드라오,0,0,0,E,F,드라오,*,*,*,*
드라지,0,0,0,E,F,드라지,*,*,*,*
드란,0,0,0,E,T,드란,*,*,*,*
드란다,0,0,0,E,F,드란다,*,*,*,*
드랍니까,0,0,0,E,F,드랍니까,*,*,*,*
드랍니다,0,0,0,E,F,드랍니다,*,*,*,*
드랍디까,0,0,0,E,F,드랍디까,*,*,*,*
드래,0,0,0,E,F,드래,*,*,*,*
드래도,0,0,0,E,F,드래도,*,*,*,*
드래두,0,0,0,E,F,드래두,*,*,*,*
드랬습니다,0,0,0,E,F,드랬습니다,*,*,*,*
드랬어,0,0,0,E,F,드랬어,*,*,*,*
든,0,0,0,E,T,든,*,*,*,*
든가,0,0,0,E,F,든가,*,*,*,*
든지,0,0,0,E,F,든지,*,*,*,*
들,0,0,0,E,T,들,*,*,*,*
듯,0,0,0,E,T,듯,*,*,*,*
듯이,0,0,0,E,F,듯이,*,*,*,*
디,0,0,0,E,F,디,*,*,*,*
디까,0,0,0,E,F,디까,*,*,*,*
디다,0,0,0,E,F,디다,*,*,*,*
디당,0,0,0,E,T,디당,*,*,*,*
딘다,0,0,0,E,F,딘다,*,*,*,*
라,0,0,0,E,F,라,*,*,*,*
라거나,0,0,0,E,F,라거나,*,*,*,*
라거든,0,0,0,E,T,라거든,*,*,*,*
라건,0,0,0,E,T,라건,*,*,*,*
라게,0,0,0,E,F,라게,*,*,*,*
라고,0,0,0,E,F,라고,*,*,*,*
라구,0,0,0,E,F,라구,*,*,*,*
라기,0,0,0,E,F,라기,*,*,*,*
라기에,0,0,0,E,F,라기에,*,*,*,*
라길래,0,0,0,E,F,라길래,*,*,*,*
라나,0,0,0,E,F,라나,*,*,*,*
라네,0,0,0,E,F,라네,*,*,*,*
라느냐,0,0,0,E,F,라느냐,*,*,*,*
라느니,0,0,0,E,F,라느니,*,*,*,*
라는,0,0,0,E,T,라는,*,*,*,*
라는구나,0,0,0,E,F,라는구나,*,*,*,*
라는구먼,0,0,0,E,T,라는구먼,*,*,*,*
라는군,0,0,0,E,T,라는군,*,*,*,*
라는데,0,0,0,E,F,라는데,*,*,*,*
라는지,0,0,0,E,F,라는지,*,*,*,*
라니,0,0,0,E,F,라니,*,*,*,*
라니까,0,0,0,E,F,라니까,*,*,*,*
라더구나,0,0,0,E,F,라더구나,*,*,*,*
라더구먼,0,0,0,E,T,라더구먼,*,*,*,*
라더군,0,0,0,E,T,라더군,*,*,*,*
라더냐,0,0,0,E,F,라더냐,*,*,*,*
라더니,0,0,0,E,F,라더니,*,*,*,*
라더라,0,0,0,E,F,라더라,*,*,*,*
라던,0,0,0,E,T,라던,*,*,*,*
라던가,0,0,0,E,F,라던가,*,*,*,*
라던데,0,0,0,E,F,라던데,*,*,*,*
라던지,0,0,0,E,F,라던지,*,*,*,*
라데,0,0,0,E,F,라데,*,*,*,*
라도,0,0,0,E,F,라도,*,*,*,*
라두,0,0,0,E,F,라두,*,*,*,*
라드냐,0,0,0,E,F,라드냐,*,*,*,*
라든,0,0,0,E,T,라든,*,*,*,*
라든가,0,0,0,E,F,라든가,*,*,*,*
라든지,0,0,0,E,F,라든지,*,*,*,*
라며,0,0,0,E,F,라며,*,*,*,*
라면,0,0,0,E,T,라면,*,*,*,*
라면서,0,0,0,E,F,라면서,*,*,*,*
라면은,0,0,0,E,T,라면은,*,*,*,*
라서,0,0,0,E,F,라서,*,*,*,*
라서리,0,0,0,E,F,라서리,*,*,*,*
라손,0,0,0,E,T,라손,*,*,*,*
라야,0,0,0,E,F,라야,*,*,*,*
라야지,0,0,0,E,F,라야지,*,*,*,*
라오,0,0,0,E,F,라오,*,*,*,*
라지,0,0,0,E,F,라지,*,*,*,*
라지만,0,0,0,E,T,라지만,*,*,*,*
라치면,0,0,0,E,T,라치면,*,*,*,*
락,0,0,0,E,T,락,*,*,*,*
락말락,0,0,0,E,T,락말락,*,*,*,*
란,0,0,0,E,T,란,*,*,*,*
란다,0,0,0,E,F,란다,*,*,*,*
란당,0,0,0,E,T,란당,*,*,*,*
랄,0,0,0,E,T,랄,*,*,*,*
랄까,0,0,0,E,F,랄까,*,*,*,*
람,0,0,0,E,T,람,*,*,*,*
랍니까,0,0,0,E,F,랍니까,*,*,*,*
랍니다,0,0,0,E,F,랍니다,*,*,*,*
랍니당,0,0,0,E,T,랍니당,*,*,*,*
랍디까,0,0,0,E,F,랍디까,*,*,*,*
랍디다,0,0,0,E,F,랍디다,*,*,*,*
랍디당,0,0,0,E,T,랍디당,*,*,*,*
랍시고,0,0,0,E,F,랍시고,*,*,*,*
랍시구,0,0,0,E,F,랍시구,*,*,*,*
랏,0,0,0,E,T,랏,*,*,*,*
래,0,0,0,E,F,래,*,*,*,*
래도,0,0,0,E,F,래도,*,*,*,*
래두,0,0,0,E,F,래두,*,*,*,*
래서,0,0,0,E,F,래서,*,*,*,*
래야,0,0,0,E,F,래야,*,*,*,*
래요,0,0,0,E,F,래요,*,*,*,*
랜다,0,0,0,E,F,랜다,*,*,*,*
랩니다,0,0,0,E,F,랩니다,*,*,*,*
랬는데,0,0,0,E,F,랬는데,*,*,*,*
랬니,0,0,0,E,F,랬니,*,*,*,*
랬다,0,0,0,E,F,랬다,*,*,*,*
랬어,0,0,0,E,F,랬어,*,*,*,*
랬자,0,0,0,E,F,랬자,*,*,*,*
랬지,0,0,0,E,F,랬지,*,*,*,*
랴,0,0,0,E,F,랴,*,*,*,*
러,0,0,0,E,F,러,*,*,*,*
러니,0,0,0,E,F,러니,*,*,*,*
러니라,0,0,0,E,F,러니라,*,*,*,*
러니이까,0,0,0,E,F,러니이까,*,*,*,*
러니이다,0,0,0,E,F,러니이다,*,*,*,*
러라,0,0,0,E,F,러라,*,*,*,*
러서,0,0,0,E,F,러서,*,*,*,*
러이까,0,0,0,E,F,러이까,*,*,*,*
러이다,0,0,0,E,F,러이다,*,*,*,*
런가,0,0,0,E,F,런가,*,*,*,*
런고,0,0,0,E,F,런고,*,*,*,*
런들,0,0,0,E,T,런들,*,*,*,*
레라,0,0,0,E,F,레라,*,*,*,*
려,0,0,0,E,F,려,*,*,*,*
려거나,0,0,0,E,F,려거나,*,*,*,*
려거든,0,0,0,E,T,려거든,*,*,*,*
려고,0,0,0,E,F,려고,*,*,*,*
려구,0,0,0,E,F,려구,*,*,*,*
려기에,0,0,0,E,F,려기에,*,*,*,*
려나,0,0,0,E,F,려나,*,*,*,*
려네,0,0,0,E,F,려네,*,*,*,*
려누,0,0,0,E,F,려누,*,*,*,*
려느냐,0,0,0,E,F,려느냐,*,*,*,*
려느냐고,0,0,0,E,F,려느냐고,*,*,*,*
려느뇨,0,0,0,E,F,려느뇨,*,*,*,*
려는,0,0,0,E,T,려는,*,*,*,*
려는가,0,0,0,E,F,려는가,*,*,*,*
려는고,0,0,0,E,F,려는고,*,*,*,*
려는데,0,0,0,E,F,려는데,*,*,*,*
려는지,0,0,0,E,F,려는지,*,*,*,*
려니,0,0,0,E,F,려니,*,*,*,*
려니까,0,0,0,E,F,려니까,*,*,*,*
려니와,0,0,0,E,F,려니와,*,*,*,*
려다,0,0,0,E,F,려다,*,*,*,*
려다가,0,0,0,E,F,려다가,*,*,*,*
려더니,0,0,0,E,F,려더니,*,*,*,*
려더라,0,0,0,E,F,려더라,*,*,*,*
려던,0,0,0,E,T,려던,*,*,*,*
려던가,0,0,0,E,F,려던가,*,*,*,*
려도,0,0,0,E,F,려도,*,*,*,*
려두,0,0,0,E,F,려두,*,*,*,*
려드니,0,0,0,E,F,려드니,*,*,*,*
려드라,0,0,0,E,F,려드라,*,*,*,*
려든,0,0,0,E,T,려든,*,*,*,*
려든가,0,0,0,E,F,려든가,*,*,*,*
려마,0,0,0,E,F,려마,*,*,*,*
려면,0,0,0,E,T,려면,*,*,*,*
려무나,0,0,0,E,F,려무나,*,*,*,*
려오,0,0,0,E,F,려오,*,*,*,*
련,0,0,0,E,T,련,*,*,*,*
련가,0,0,0,E,F,련가,*,*,*,*
련다,0,0,0,E,F,련다,*,*,*,*
련다는,0,0,0,E,T,련다는,*,*,*,*
련마는,0,0,0,E,T,련마는,*,*,*,*
련만,0,0,0,E,T,련만,*,*,*,*
렴,0,0,0,E,T,렴,*,*,*,*
렵니까,0,0,0,E,F,렵니까,*,*,*,*
렵니다,0,0,0,E,F,렵니다,*,*,*,*
렵니당,0,0,0,E,T,렵니당,*,*,*,*
렷다,0,0,0,E,F,렷다,*,*,*,*
로고,0,0,0,E,F,로고,*,*,*,*
로구나,0,0,0,E,F,로구나,*,*,*,*
로구려,0,0,0,E,F,로구려,*,*,*,*
로구료,0,0,0,E,F,로구료,*,*,*,*
로구먼,0,0,0,E,T,로구먼,*,*,*,*
로군,0,0,0,E,T,로군,*,*,*,*
로다,0,0,0,E,F,로다,*,*,*,*
로되,0,0,0,E,F,로되,*,*,*,*
로라,0,0,0,E,F,로라,*,*,*,*
로서니,0,0,0,E,F,로서니,*,*,*,*
로세,0,0,0,E,F,로세,*,*,*,*
로소이다,0,0,0,E,F,로소이다,*,*,*,*
리,0,0,0,E,F,리,*,*,*,*
리까,0,0,0,E,F,리까,*,*,*,*
리니,0,0,0,E,F,리니,*,*,*,*
리니라,0,0,0,E,F,리니라,*,*,*,*
리다,0,0,0,E,F,리다,*,*,*,*
리라,0,0,0,E,F,리라,*,*,*,*
리라고,0,0,0,E,F,리라고,*,*,*,*
리라구,0,0,0,E,F,리라구,*,*,*,*
리라는,0,0,0,E,T,리라는,*,*,*,*
리라는구려,0,0,0,E,F,리라는구려,*,*,*,*
리라던,0,0,0,E,T,리라던,*,*,*,*
리라든,0,0,0,E,T,리라든,*,*,*,*
리라든가,0,0,0,E,F,리라든가,*,*,*,*
리라든지,0,0,0,E,F,리라든지,*,*,*,*
리란,0,0,0,E,T,리란,*,*,*,*
리로다,0,0,0,E,F,리로다,*,*,*,*
리만치,0,0,0,E,F,리만치,*,*,*,*
리만큼,0,0,0,E,T,리만큼,*,*,*,*
리오,0,0,0,E,F,리오,*,*,*,*
마,0,0,0,E,F,마,*,*,*,*
마는,0,0,0,E,T,마는,*,*,*,*
마던,0,0,0,E,T,마던,*,*,*,*
만,0,0,0,E,T,만,*,*,*,*
망정,0,0,0,E,T,망정,*,*,*,*
매,0,0,0,E,F,매,*,*,*,*
며,0,0,0,E,F,며,*,*,*,*
면,0,0,0,E,T,면,*,*,*,*
면서,0,0,0,E,F,면서,*,*,*,*
므로,0,0,0,E,F,므로,*,*,*,*
믄서,0,0,0,E,F,믄서,*,*,*,*
바,0,0,0,E,F,바,*,*,*,*
밖에,0,0,0,E,F,밖에,*,*,*,*
뿐더러,0,0,0,E,F,뿐더러,*,*,*,*
사,0,0,0,E,F,사,*,*,*,*
사오,0,0,0,E,F,사오,*,*,*,*
사오니까,0,0,0,E,F,사오니까,*,*,*,*
사오리까,0,0,0,E,F,사오리까,*,*,*,*
사오리다,0,0,0,E,F,사오리다,*,*,*,*
사오리이까,0,0,0,E,F,사오리이까,*,*,*,*
사오리이다,0,0,0,E,F,사오리이다,*,*,*,*
사오이까,0,0,0,E,F,사오이까,*,*,*,*
사오이다,0,0,0,E,F,사오이다,*,*,*,*
사옵,0,0,0,E,T,사옵,*,*,*,*
사옵나이까,0,0,0,E,F,사옵나이까,*,*,*,*
사옵나이다,0,0,0,E,F,사옵나이다,*,*,*,*
사옵니까,0,0,0,E,F,사옵니까,*,*,*,*
사옵니다,0,0,0,E,F,사옵니다,*,*,*,*
사옵디까,0,0,0,E,F,사옵디까,*,*,*,*
사옵디다,0,0,0,E,F,사옵디다,*,*,*,*
사옵시,0,0,0,E,F,사옵시,*,*,*,*
사와,0,0,0,E,F,사와,*,*,*,*
사와요,0,0,0,E,F,사와요,*,*,*,*
사외까,0,0,0,E,F,사외까,*,*,*,*
사외다,0,0,0,E,F,사외다,*,*,*,*
사이다,0,0,0,E,F,사이다,*,*,*,*
삼,0,0,0,E,T,삼,*,*,*,*
삽,0,0,0,E,T,삽,*,*,*,*
새,0,0,0,E,F,새,*,*,*,*
서,0,0,0,E,F,서,*,*,*,*
선지,0,0,0,E,F,선지,*,*,*,*
세,0,0,0,E,F,세,*,*,*,*
세나,0,0,0,E,F,세나,*,*,*,*
세라,0,0,0,E,F,세라,*,*,*,*
세말이지,0,0,0,E,F,세말이지,*,*,*,*
세요,0,0,0,E,F,세요,*,*,*,*
세욧,0,0,0,E,T,세욧,*,*,*,*
셔,0,0,0,E,F,셔,*,*,*,*
셔요,0,0,0,E,F,셔요,*,*,*,*
셔욧,0,0,0,E,T,셔욧,*,*,*,*
셧,0,0,0,E,T,셧,*,*,*,*
셨,0,0,0,E,T,셨,*,*,*,*
셨겠,0,0,0,E,T,셨겠,*,*,*,*
셨었,0,0,0,E,T,셨었,*,*,*,*
소,0,0,0,E,F,소,*,*,*,*
소냐,0,0,0,E,F,소냐,*,*,*,*
소다,0,0,0,E,F,소다,*,*,*,*
소서,0,0,0,E,F,소서,*,*,*,*
소이까,0,0,0,E,F,소이까,*,*,*,*
소이다,0,0,0,E,F,소이다,*,*,*,*
쇠다,0,0,0,E,F,쇠다,*,*,*,*
쇼,0,0,0,E,F,쇼,*,*,*,*
수록,0,0,0,E,T,수록,*,*,*,*
슴다,0,0,0,E,F,슴다,*,*,*,*
슴당,0,0,0,E,T,슴당,*,*,*,*
슴돠,0,0,0,E,F,슴돠,*,*,*,*
슴돵,0,0,0,E,T,슴돵,*,*,*,*
습네,0,0,0,E,F,습네,*,*,*,*
습니까,0,0,0,E,F,습니까,*,*,*,*
습니다,0,0,0,E,F,습니다,*,*,*,*
습니당,0,0,0,E,T,습니당,*,*,*,*
습디까,0,0,0,E,F,습디까,*,*,*,*
습디다,0,0,0,E,F,습디다,*,*,*,*
습디당,0,0,0,E,T,습디당,*,*,*,*
습딘다,0,0,0,E,F,습딘다,*,*,*,*
습죠,0,0,0,E,F,습죠,*,*,*,*
습지요,0,0,0,E,F,습지요,*,*,*,*
시,0,0,0,E,F,시,*,*,*,*
시겠,0,0,0,E,T,시겠,*,*,*,*
시고,0,0,0,E,F,시고,*,*,*,*
시다,0,0,0,E,F,시다,*,*,*,*
시라,0,0,0,E,F,시라,*,*,*,*
시사,0,0,0,E,F,시사,*,*,*,*
시압,0,0,0,E,T,시압,*,*,*,*
시어요,0,0,0,E,F,시어요,*,*,*,*
시었,0,0,0,E,T,시었,*,*,*,*
시었겠,0,0,0,E,T,시었겠,*,*,*,*
시었었,0,0,0,E,T,시었었,*,*,*,*
시오,0,0,0,E,F,시오,*,*,*,*
시옵,0,0,0,E,T,시옵,*,*,*,*
시요,0,0,0,E,F,시요,*,*,*,*
신,0,0,0,E,T,신,*,*,*,*
실,0,0,0,E,T,실,*,*,*,*
십,0,0,0,E,T,십,*,*,*,*
십사,0,0,0,E,F,십사,*,*,*,*
십시다,0,0,0,E,F,십시다,*,*,*,*
십시오,0,0,0,E,F,십시오,*,*,*,*
쏘냐,0,0,0,E,F,쏘냐,*,*,*,*
쏜가,0,0,0,E,F,쏜가,*,*,*,*
아,0,0,0,E,F,아,*,*,*,*
아다,0,0,0,E,F,아다,*,*,*,*
아다가,0,0,0,E,F,아다가,*,*,*,*
아다간,0,0,0,E,T,아다간,*,*,*,*
아도,0,0,0,E,F,아도,*,*,*,*
아두,0,0,0,E,F,아두,*,*,*,*
아라,0,0,0,E,F,아라,*,*,*,*
아랏,0,0,0,E,T,아랏,*,*,*,*
아서,0,0,0,E,F,아서,*,*,*,*
아서라면,0,0,0,E,T,아서라면,*,*,*,*
아선,0,0,0,E,T,아선,*,*,*,*
아야,0,0,0,E,F,아야,*,*,*,*
아야지,0,0,0,E,F,아야지,*,*,*,*
아요,0,0,0,E,F,아요,*,*,*,*
아지,0,0,0,E,F,아지,*,*,*,*
아지이다,0,0,0,E,F,아지이다,*,*,*,*
아하,0,0,0,E,F,아하,*,*,*,*
았,0,0,0,E,T,았,*,*,*,*
았겠,0,0,0,E,T,았겠,*,*,*,*
았사오,0,0,0,E,F,았사오,*,*,*,*
았사옵,0,0,0,E,T,았사옵,*,*,*,*
았었,0,0,0,E,T,았었,*,*,*,*
았었겠,0,0,0,E,T,았었겠,*,*,*,*
았었사오,0,0,0,E,F,았었사오,*,*,*,*
았었사옵,0,0,0,E,T,았었사옵,*,*,*,*
았자,0,0,0,E,F,았자,*,*,*,*
야,0,0,0,E,F,야,*,*,*,*
야지,0,0,0,E,F,야지,*,*,*,*
야징,0,0,0,E,T,야징,*,*,*,*
어,0,0,0,E,F,어,*,*,*,*
어다,0,0,0,E,F,어다,*,*,*,*
어다가,0,0,0,E,F,어다가,*,*,*,*
어다간,0,0,0,E,T,어다간,*,*,*,*
어도,0,0,0,E,F,어도,*,*,*,*
어두,0,0,0,E,F,어두,*,*,*,*
어라,0,0,0,E,F,어라,*,*,*,*
어랏,0,0,0,E,T,어랏,*,*,*,*
어서,0,0,0,E,F,어서,*,*,*,*
어서라면,0,0,0,E,T,어서라면,*,*,*,*
어선,0,0,0,E,T,어선,*,*,*,*
어야,0,0,0,E,F,어야,*,*,*,*
어야지,0,0,0,E,F,어야지,*,*,*,*
어지,0,0,0,E,F,어지,*,*,*,*
어지이다,0,0,0,E,F,어지이다,*,*,*,*
어하,0,0,0,E,F,어하,*,*,*,*
언마는,0,0,0,E,T,언마는,*,*,*,*
언만,0,0,0,E,T,언만,*,*,*,*
언정,0,0,0,E,T,언정,*,*,*,*
없는,0,0,0,E,T,없는,*,*,*,*
었,0,0,0,E,T,었,*,*,*,*
었겠,0,0,0,E,T,었겠,*,*,*,*
었사오,0,0,0,E,F,었사오,*,*,*,*
었사옵,0,0,0,E,T,었사옵,*,*,*,*
었었,0,0,0,E,T,었었,*,*,*,*
었었겠,0,0,0,E,T,었었겠,*,*,*,*
었었사오,0,0,0,E,F,었었사오,*,*,*,*
었었사옵,0,0,0,E,T,었었사옵,*,*,*,*
에도,0,0,0,E,F,에도,*,*,*,*
에라,0,0,0,E,F,에라,*,*,*,*
에랴,0,0,0,E,F,에랴,*,*,*,*
에여,0,0,0,E,F,에여,*,*,*,*
에요,0,0,0,E,F,에요,*,*,*,*
에용,0,0,0,E,T,에용,*,*,*,*
여,0,0,0,E,F,여,*,*,*,*
여도,0,0,0,E,F,여도,*,*,*,*
여두,0,0,0,E,F,여두,*,*,*,*
여라,0,0,0,E,F,여라,*,*,*,*
여랏,0,0,0,E,T,여랏,*,*,*,*
여서,0,0,0,E,F,여서,*,*,*,*
여서라면,0,0,0,E,T,여서라면,*,*,*,*
여야,0,0,0,E,F,여야,*,*,*,*
여야지,0,0,0,E,F,여야지,*,*,*,*
여요,0,0,0,E,F,여요,*,*,*,*
여지이다,0,0,0,E,F,여지이다,*,*,*,*
염,0,0,0,E,T,염,*,*,*,*
였,0,0,0,E,T,였,*,*,*,*
였겠,0,0,0,E,T,였겠,*,*,*,*
였사오,0,0,0,E,F,였사오,*,*,*,*
였사옵,0,0,0,E,T,였사옵,*,*,*,*
였었,0,0,0,E,T,였었,*,*,*,*
였었겠,0,0,0,E,T,였었겠,*,*,*,*
였었사오,0,0,0,E,F,였었사오,*,*,*,*
였었사옵,0,0,0,E,T,였었사옵,*,*,*,*
영,0,0,0,E,T,영,*,*,*,*
예여,0,0,0,E,F,예여,*,*,*,*
예요,0,0,0,E,F,예요,*,*,*,*
예용,0,0,0,E,T,예용,*,*,*,*
오,0,0,0,E,F,오,*,*,*,*
오니까,0,0,0,E,F,오니까,*,*,*,*
오리까,0,0,0,E,F,오리까,*,*,*,*
오리다,0,0,0,E,F,오리다,*,*,*,*
오리이까,0,0,0,E,F,오리이까,*,*,*,*
오리이다,0,0,0,E,F,오리이다,*,*,*,*
오이까,0,0,0,E,F,오이까,*,*,*,*
오이다,0,0,0,E,F,오이다,*,*,*,*
올시다,0,0,0,E,F,올시다,*,*,*,*
옵,0,0,0,E,T,옵,*,*,*,*
옵나이까,0,0,0,E,F,옵나이까,*,*,*,*
옵나이다,0,0,0,E,F,옵나이다,*,*,*,*
옵니까,0,0,0,E,F,옵니까,*,*,*,*
옵니다,0,0,0,E,F,옵니다,*,*,*,*
옵디까,0,0,0,E,F,옵디까,*,*,*,*
옵디다,0,0,0,E,F,옵디다,*,*,*,*
옵소서,0,0,0,E,F,옵소서,*,*,*,*
옵시,0,0,0,E,F,옵시,*,*,*,*
와,0,0,0,E,F,와,*,*,*,*
외까,0,0,0,E,F,외까,*,*,*,*
외다,0,0,0,E,F,외다,*,*,*,*
요,0,0,0,E,F,요,*,*,*,*
욤,0,0,0,E,T,욤,*,*,*,*
용,0,0,0,E,T,용,*,*,*,*
우,0,0,0,E,F,우,*,*,*,*
으께,0,0,0,E,F,으께,*,*,*,*
으나,0,0,0,E,F,으나,*,*,*,*
으나마,0,0,0,E,F,으나마,*,*,*,*
으냐,0,0,0,E,F,으냐,*,*,*,*
으냐고,0,0,0,E,F,으냐고,*,*,*,*
으냐구,0,0,0,E,F,으냐구,*,*,*,*
으냐는,0,0,0,E,T,으냐는,*,*,*,*
으냐니,0,0,0,E,F,으냐니,*,*,*,*
으냐며,0,0,0,E,F,으냐며,*,*,*,*
으냐면,0,0,0,E,T,으냐면,*,*,*,*
으냐면서,0,0,0,E,F,으냐면서,*,*,*,*
으냔,0,0,0,E,T,으냔,*,*,*,*
으뇨,0,0,0,E,F,으뇨,*,*,*,*
으니,0,0,0,E,F,으니,*,*,*,*
으니까,0,0,0,E,F,으니까,*,*,*,*
으니깐,0,0,0,E,T,으니깐,*,*,*,*
으니라,0,0,0,E,F,으니라,*,*,*,*
으니만큼,0,0,0,E,T,으니만큼,*,*,*,*
으되,0,0,0,E,F,으되,*,*,*,*
으라,0,0,0,E,F,으라,*,*,*,*
으라거든,0,0,0,E,T,으라거든,*,*,*,*
으라고,0,0,0,E,F,으라고,*,*,*,*
으라구,0,0,0,E,F,으라구,*,*,*,*
으라기에,0,0,0,E,F,으라기에,*,*,*,*
으라길래,0,0,0,E,F,으라길래,*,*,*,*
으라나,0,0,0,E,F,으라나,*,*,*,*
으라네,0,0,0,E,F,으라네,*,*,*,*
으라느냐,0,0,0,E,F,으라느냐,*,*,*,*
으라느니,0,0,0,E,F,으라느니,*,*,*,*
으라는,0,0,0,E,T,으라는,*,*,*,*
으라는구나,0,0,0,E,F,으라는구나,*,*,*,*
으라는구먼,0,0,0,E,T,으라는구먼,*,*,*,*
으라는데,0,0,0,E,F,으라는데,*,*,*,*
으라는지,0,0,0,E,F,으라는지,*,*,*,*
으라니까,0,0,0,E,F,으라니까,*,*,*,*
으라더구나,0,0,0,E,F,으라더구나,*,*,*,*
으라더구먼,0,0,0,E,T,으라더구먼,*,*,*,*
으라더군,0,0,0,E,T,으라더군,*,*,*,*
으라더냐,0,0,0,E,F,으라더냐,*,*,*,*
으라더니,0,0,0,E,F,으라더니,*,*,*,*
으라더라,0,0,0,E,F,으라더라,*,*,*,*
으라던,0,0,0,E,T,으라던,*,*,*,*
으라던가,0,0,0,E,F,으라던가,*,*,*,*
으라던데,0,0,0,E,F,으라던데,*,*,*,*
으라던지,0,0,0,E,F,으라던지,*,*,*,*
으라데,0,0,0,E,F,으라데,*,*,*,*
으라든,0,0,0,E,T,으라든,*,*,*,*
으라든가,0,0,0,E,F,으라든가,*,*,*,*
으라든지,0,0,0,E,F,으라든지,*,*,*,*
으라며,0,0,0,E,F,으라며,*,*,*,*
으라면,0,0,0,E,T,으라면,*,*,*,*
으라면서,0,0,0,E,F,으라면서,*,*,*,*
으라손,0,0,0,E,T,으라손,*,*,*,*
으라오,0,0,0,E,F,으라오,*,*,*,*
으라지,0,0,0,E,F,으라지,*,*,*,*
으라지만,0,0,0,E,T,으라지만,*,*,*,*
으락,0,0,0,E,T,으락,*,*,*,*
으란,0,0,0,E,T,으란,*,*,*,*
으란다,0,0,0,E,F,으란다,*,*,*,*
으랄,0,0,0,E,T,으랄,*,*,*,*
으랄까,0,0,0,E,F,으랄까,*,*,*,*
으람,0,0,0,E,T,으람,*,*,*,*
으랍니까,0,0,0,E,F,으랍니까,*,*,*,*
으랍니다,0,0,0,E,F,으랍니다,*,*,*,*
으랍디까,0,0,0,E,F,으랍디까,*,*,*,*
으랍디다,0,0,0,E,F,으랍디다,*,*,*,*
으래,0,0,0,E,F,으래,*,*,*,*
으래도,0,0,0,E,F,으래도,*,*,*,*
으래두,0,0,0,E,F,으래두,*,*,*,*
으래서,0,0,0,E,F,으래서,*,*,*,*
으래야,0,0,0,E,F,으래야,*,*,*,*
으랜다,0,0,0,E,F,으랜다,*,*,*,*
으랩니다,0,0,0,E,F,으랩니다,*,*,*,*
으랬는데,0,0,0,E,F,으랬는데,*,*,*,*
으랬니,0,0,0,E,F,으랬니,*,*,*,*
으랬다,0,0,0,E,F,으랬다,*,*,*,*
으랬어,0,0,0,E,F,으랬어,*,*,*,*
으랬자,0,0,0,E,F,으랬자,*,*,*,*
으랬지,0,0,0,E,F,으랬지,*,*,*,*
으랴,0,0,0,E,F,으랴,*,*,*,*
으러,0,0,0,E,F,으러,*,*,*,*
으려,0,0,0,E,F,으려,*,*,*,*
으려거나,0,0,0,E,F,으려거나,*,*,*,*
으려거든,0,0,0,E,T,으려거든,*,*,*,*
으려고,0,0,0,E,F,으려고,*,*,*,*
으려구,0,0,0,E,F,으려구,*,*,*,*
으려기에,0,0,0,E,F,으려기에,*,*,*,*
으려나,0,0,0,E,F,으려나,*,*,*,*
으려네,0,0,0,E,F,으려네,*,*,*,*
으려누,0,0,0,E,F,으려누,*,*,*,*
으려느냐,0,0,0,E,F,으려느냐,*,*,*,*
으려느냐고,0,0,0,E,F,으려느냐고,*,*,*,*
으려느뇨,0,0,0,E,F,으려느뇨,*,*,*,*
으려는,0,0,0,E,T,으려는,*,*,*,*
으려는가,0,0,0,E,F,으려는가,*,*,*,*
으려는고,0,0,0,E,F,으려는고,*,*,*,*
으려는데,0,0,0,E,F,으려는데,*,*,*,*
으려는지,0,0,0,E,F,으려는지,*,*,*,*
으려니,0,0,0,E,F,으려니,*,*,*,*
으려니까,0,0,0,E,F,으려니까,*,*,*,*
으려니와,0,0,0,E,F,으려니와,*,*,*,*
으려다,0,0,0,E,F,으려다,*,*,*,*
으려다가,0,0,0,E,F,으려다가,*,*,*,*
으려더니,0,0,0,E,F,으려더니,*,*,*,*
으려더라,0,0,0,E,F,으려더라,*,*,*,*
으려던,0,0,0,E,T,으려던,*,*,*,*
으려던가,0,0,0,E,F,으려던가,*,*,*,*
으려도,0,0,0,E,F,으려도,*,*,*,*
으려두,0,0,0,E,F,으려두,*,*,*,*
으려드니,0,0,0,E,F,으려드니,*,*,*,*
으려드라,0,0,0,E,F,으려드라,*,*,*,*
으려든,0,0,0,E,T,으려든,*,*,*,*
으려든가,0,0,0,E,F,으려든가,*,*,*,*
으려마,0,0,0,E,F,으려마,*,*,*,*
으려면,0,0,0,E,T,으려면,*,*,*,*
으려무나,0,0,0,E,F,으려무나,*,*,*,*
으려오,0,0,0,E,F,으려오,*,*,*,*
으련,0,0,0,E,T,으련,*,*,*,*
으련가,0,0,0,E,F,으련가,*,*,*,*
으련다,0,0,0,E,F,으련다,*,*,*,*
으련다는,0,0,0,E,T,으련다는,*,*,*,*
으련마는,0,0,0,E,T,으련마는,*,*,*,*
으련만,0,0,0,E,T,으련만,*,*,*,*
으렴,0,0,0,E,T,으렴,*,*,*,*
으렵니까,0,0,0,E,F,으렵니까,*,*,*,*
으렵니다,0,0,0,E,F,으렵니다,*,*,*,*
으렷다,0,0,0,E,F,으렷다,*,*,*,*
으리,0,0,0,E,F,으리,*,*,*,*
으리까,0,0,0,E,F,으리까,*,*,*,*
으리니,0,0,0,E,F,으리니,*,*,*,*
으리니라,0,0,0,E,F,으리니라,*,*,*,*
으리다,0,0,0,E,F,으리다,*,*,*,*
으리라,0,0,0,E,F,으리라,*,*,*,*
으리라고,0,0,0,E,F,으리라고,*,*,*,*
으리라구,0,0,0,E,F,으리라구,*,*,*,*
으리라는,0,0,0,E,T,으리라는,*,*,*,*
으리라는구려,0,0,0,E,F,으리라는구려,*,*,*,*
으리라던,0,0,0,E,T,으리라던,*,*,*,*
으리라든,0,0,0,E,T,으리라든,*,*,*,*
으리라든가,0,0,0,E,F,으리라든가,*,*,*,*
으리라든지,0,0,0,E,F,으리라든지,*,*,*,*
으리란,0,0,0,E,T,으리란,*,*,*,*
으리로다,0,0,0,E,F,으리로다,*,*,*,*
으리만치,0,0,0,E,F,으리만치,*,*,*,*
으리만큼,0,0,0,E,T,으리만큼,*,*,*,*
으리오,0,0,0,E,F,으리오,*,*,*,*
으마,0,0,0,E,F,으마,*,*,*,*
으마는,0,0,0,E,T,으마는,*,*,*,*
으마던,0,0,0,E,T,으마던,*,*,*,*
으매,0,0,0,E,F,으매,*,*,*,*
으며,0,0,0,E,F,으며,*,*,*,*
으면,0,0,0,E,T,으면,*,*,*,*
으면서,0,0,0,E,F,으면서,*,*,*,*
으므로,0,0,0,E,F,으므로,*,*,*,*
으사,0,0,0,E,F,으사,*,*,*,*
으사이다,0,0,0,E,F,으사이다,*,*,*,*
으세,0,0,0,E,F,으세,*,*,*,*
으세요,0,0,0,E,F,으세요,*,*,*,*
으세욧,0,0,0,E,T,으세욧,*,*,*,*
으셔,0,0,0,E,F,으셔,*,*,*,*
으셔요,0,0,0,E,F,으셔요,*,*,*,*
으셔욧,0,0,0,E,T,으셔욧,*,*,*,*
으셧,0,0,0,E,T,으셧,*,*,*,*
으셨,0,0,0,E,T,으셨,*,*,*,*
으셨겠,0,0,0,E,T,으셨겠,*,*,*,*
으셨었,0,0,0,E,T,으셨었,*,*,*,*
으소서,0,0,0,E,F,으소서,*,*,*,*
으시,0,0,0,E,F,으시,*,*,*,*
으시겠,0,0,0,E,T,으시겠,*,*,*,*
으시라,0,0,0,E,F,으시라,*,*,*,*
으시압,0,0,0,E,T,으시압,*,*,*,*
으시어요,0,0,0,E,F,으시어요,*,*,*,*
으시었,0,0,0,E,T,으시었,*,*,*,*
으시었겠,0,0,0,E,T,으시었겠,*,*,*,*
으시었었,0,0,0,E,T,으시었었,*,*,*,*
으시오,0,0,0,E,F,으시오,*,*,*,*
으시옵,0,0,0,E,T,으시옵,*,*,*,*
으신,0,0,0,E,T,으신,*,*,*,*
으실,0,0,0,E,T,으실,*,*,*,*
으십,0,0,0,E,T,으십,*,*,*,*
으십사,0,0,0,E,F,으십사,*,*,*,*
으십시다,0,0,0,E,F,으십시다,*,*,*,*
으십시오,0,0,0,E,F,으십시오,*,*,*,*
으오,0,0,0,E,F,으오,*,*,*,*
으오니까,0,0,0,E,F,으오니까,*,*,*,*
으오리까,0,0,0,E,F,으오리까,*,*,*,*
으오리다,0,0,0,E,F,으오리다,*,*,*,*
으오리이까,0,0,0,E,F,으오리이까,*,*,*,*
으오리이다,0,0,0,E,F,으오리이다,*,*,*,*
으오이까,0,0,0,E,F,으오이까,*,*,*,*
으오이다,0,0,0,E,F,으오이다,*,*,*,*
으옵,0,0,0,E,T,으옵,*,*,*,*
으옵나이까,0,0,0,E,F,으옵나이까,*,*,*,*
으옵나이다,0,0,0,E,F,으옵나이다,*,*,*,*
으옵니까,0,0,0,E,F,으옵니까,*,*,*,*
으옵니다,0,0,0,E,F,으옵니다,*,*,*,*
으옵디까,0,0,0,E,F,으옵디까,*,*,*,*
으옵디다,0,0,0,E,F,으옵디다,*,*,*,*
으옵소서,0,0,0,E,F,으옵소서,*,*,*,*
으옵시,0,0,0,E,F,으옵시,*,*,*,*
으와,0,0,0,E,F,으와,*,*,*,*
으외까,0,0,0,E,F,으외까,*,*,*,*
으외다,0,0,0,E,F,으외다,*,*,*,*
으우,0,0,0,E,F,으우,*,*,*,*
으이,0,0,0,E,F,으이,*,*,*,*
은,0,0,0,E,T,은,*,*,*,*
은가,0,0,0,E,F,은가,*,*,*,*
은감,0,0,0,E,T,은감,*,*,*,*
은걸,0,0,0,E,T,은걸,*,*,*,*
은고,0,0,0,E,F,은고,*,*,*,*
은대,0,0,0,E,F,은대,*,*,*,*
은데,0,0,0,E,F,은데,*,*,*,*
은뎁쇼,0,0,0,E,F,은뎁쇼,*,*,*,*
은들,0,0,0,E,T,은들,*,*,*,*
은바,0,0,0,E,F,은바,*,*,*,*
은즉,0,0,0,E,T,은즉,*,*,*,*
은즉슨,0,0,0,E,T,은즉슨,*,*,*,*
은지,0,0,0,E,F,은지,*,*,*,*
은지고,0,0,0,E,F,은지고,*,*,*,*
은지라,0,0,0,E,F,은지라,*,*,*,*
을,0,0,0,E,T,을,*,*,*,*
을거나,0,0,0,E,F,을거나,*,*,*,*
을거냐,0,0,0,E,F,을거냐,*,*,*,*
을걸,0,0,0,E,T,을걸,*,*,*,*
을게,0,0,0,E,F,을게,*,*,*,*
을겡,0,0,0,E,T,을겡,*,*,*,*
을고,0,0,0,E,F,을고,*,*,*,*
을까,0,0,0,E,F,을까,*,*,*,*
을깝쇼,0,0,0,E,F,을깝쇼,*,*,*,*
을껄,0,0,0,E,T,을껄,*,*,*,*
을께,0,0,0,E,F,을께,*,*,*,*
을껭,0,0,0,E,T,을껭,*,*,*,*
을꼬,0,0,0,E,F,을꼬,*,*,*,*
을는지,0,0,0,E,F,을는지,*,*,*,*
을데라니,0,0,0,E,F,을데라니,*,*,*,*
을라,0,0,0,E,F,을라,*,*,*,*
을라고,0,0,0,E,F,을라고,*,*,*,*
을라구,0,0,0,E,F,을라구,*,*,*,*
을라치면,0,0,0,E,T,을라치면,*,*,*,*
을락,0,0,0,E,T,을락,*,*,*,*
을란다,0,0,0,E,F,을란다,*,*,*,*
을래,0,0,0,E,F,을래,*,*,*,*
을래도,0,0,0,E,F,을래도,*,*,*,*
을래야,0,0,0,E,F,을래야,*,*,*,*
을러니,0,0,0,E,F,을러니,*,*,*,*
을러라,0,0,0,E,F,을러라,*,*,*,*
을런가,0,0,0,E,F,을런가,*,*,*,*
을런고,0,0,0,E,F,을런고,*,*,*,*
을런지,0,0,0,E,F,을런지,*,*,*,*
을레라,0,0,0,E,F,을레라,*,*,*,*
을려고,0,0,0,E,F,을려고,*,*,*,*
을려구,0,0,0,E,F,을려구,*,*,*,*
을려면,0,0,0,E,T,을려면,*,*,*,*
을른지,0,0,0,E,F,을른지,*,*,*,*
을망정,0,0,0,E,T,을망정,*,*,*,*
을밖에,0,0,0,E,F,을밖에,*,*,*,*
을뿐더러,0,0,0,E,F,을뿐더러,*,*,*,*
을사,0,0,0,E,F,을사,*,*,*,*
을새,0,0,0,E,F,을새,*,*,*,*
을세,0,0,0,E,F,을세,*,*,*,*
을세라,0,0,0,E,F,을세라,*,*,*,*
을세말이지,0,0,0,E,F,을세말이지,*,*,*,*
을소냐,0,0,0,E,F,을소냐,*,*,*,*
을손가,0,0,0,E,F,을손가,*,*,*,*
을수록,0,0,0,E,T,을수록,*,*,*,*
을시,0,0,0,E,F,을시,*,*,*,*
을시고,0,0,0,E,F,을시고,*,*,*,*
을쏘냐,0,0,0,E,F,을쏘냐,*,*,*,*
을쏜가,0,0,0,E,F,을쏜가,*,*,*,*
을작시면,0,0,0,E,T,을작시면,*,*,*,*
을지,0,0,0,E,F,을지,*,*,*,*
을지나,0,0,0,E,F,을지나,*,*,*,*
을지니,0,0,0,E,F,을지니,*,*,*,*
을지니라,0,0,0,E,F,을지니라,*,*,*,*
을지라,0,0,0,E,F,을지라,*,*,*,*
을지라도,0,0,0,E,F,을지라도,*,*,*,*
을지로다,0,0,0,E,F,을지로다,*,*,*,*
을지며,0,0,0,E,F,을지며,*,*,*,*
을지어다,0,0,0,E,F,을지어다,*,*,*,*
을지언정,0,0,0,E,T,을지언정,*,*,*,*
을진대,0,0,0,E,F,을진대,*,*,*,*
을진댄,0,0,0,E,T,을진댄,*,*,*,*
을진저,0,0,0,E,F,을진저,*,*,*,*
음,0,0,0,E,T,음,*,*,*,*
음세,0,0,0,E,F,음세,*,*,*,*
음에도,0,0,0,E,F,음에도,*,*,*,*
음에랴,0,0,0,E,F,음에랴,*,*,*,*
읍니다,0,0,0,E,F,읍니다,*,*,*,*
읍니당,0,0,0,E,T,읍니당,*,*,*,*
읍디다,0,0,0,E,F,읍디다,*,*,*,*
읍디당,0,0,0,E,T,읍디당,*,*,*,*
읍쇼,0,0,0,E,F,읍쇼,*,*,*,*
읍시다,0,0,0,E,F,읍시다,*,*,*,*
읍시사,0,0,0,E,F,읍시사,*,*,*,*
읍시오,0,0,0,E,F,읍시오,*,*,*,*
읍시요,0,0,0,E,F,읍시요,*,*,*,*
의,0,0,0,E,F,의,*,*,*,*
이,0,0,0,E,F,이,*,*,*,*
있는,0,0,0,E,T,있는,*,*,*,*
자,0,0,0,E,F,자,*,*,*,*
자거나,0,0,0,E,F,자거나,*,*,*,*
자고,0,0,0,E,F,자고,*,*,*,*
자구,0,0,0,E,F,자구,*,*,*,*
자꾸나,0,0,0,E,F,자꾸나,*,*,*,*
자네,0,0,0,E,F,자네,*,*,*,*
자느니,0,0,0,E,F,자느니,*,*,*,*
자는,0,0,0,E,T,자는,*,*,*,*
자는데,0,0,0,E,F,자는데,*,*,*,*
자니,0,0,0,E,F,자니,*,*,*,*
자니까,0,0,0,E,F,자니까,*,*,*,*
자던,0,0,0,E,T,자던,*,*,*,*
자든,0,0,0,E,T,자든,*,*,*,*
자든가,0,0,0,E,F,자든가,*,*,*,*
자든지,0,0,0,E,F,자든지,*,*,*,*
자마자,0,0,0,E,F,자마자,*,*,*,*
자며,0,0,0,E,F,자며,*,*,*,*
자면,0,0,0,E,T,자면,*,*,*,*
자면서,0,0,0,E,F,자면서,*,*,*,*
자손,0,0,0,E,T,자손,*,*,*,*
자오,0,0,0,E,F,자오,*,*,*,*
자옵,0,0,0,E,T,자옵,*,*,*,*
자와,0,0,0,E,F,자와,*,*,*,*
자지,0,0,0,E,F,자지,*,*,*,*
작시면,0,0,0,E,T,작시면,*,*,*,*
잔,0,0,0,E,T,잔,*,*,*,*
잖고,0,0,0,E,F,잖고,*,*,*,*
잖구,0,0,0,E,F,잖구,*,*,*,*
잖나,0,0,0,E,F,잖나,*,*,*,*
잖남,0,0,0,E,T,잖남,*,*,*,*
잖냐,0,0,0,E,F,잖냐,*,*,*,*
잖느냐,0,0,0,E,F,잖느냐,*,*,*,*
잖는가,0,0,0,E,F,잖는가,*,*,*,*
잖는고,0,0,0,E,F,잖는고,*,*,*,*
잖니,0,0,0,E,F,잖니,*,*,*,*
잖소,0,0,0,E,F,잖소,*,*,*,*
잖습니까,0,0,0,E,F,잖습니까,*,*,*,*
잖아,0,0,0,E,F,잖아,*,*,*,*
잖아서,0,0,0,E,F,잖아서,*,*,*,*
잖어,0,0,0,E,F,잖어,*,*,*,*
잖우,0,0,0,E,F,잖우,*,*,*,*
잖은,0,0,0,E,T,잖은,*,*,*,*
잖은가,0,0,0,E,F,잖은가,*,*,*,*
잖을까,0,0,0,E,F,잖을까,*,*,*,*
잘,0,0,0,E,T,잘,*,*,*,*
잡,0,0,0,E,T,잡,*,*,*,*
재,0,0,0,E,F,재,*,*,*,*
재네,0,0,0,E,F,재네,*,*,*,*
재느니,0,0,0,E,F,재느니,*,*,*,*
재는,0,0,0,E,T,재는,*,*,*,*
재는데,0,0,0,E,F,재는데,*,*,*,*
재던,0,0,0,E,T,재던,*,*,*,*
재든,0,0,0,E,T,재든,*,*,*,*
죠,0,0,0,E,F,죠,*,*,*,*
죵,0,0,0,E,T,죵,*,*,*,*
즉,0,0,0,E,T,즉,*,*,*,*
지,0,0,0,E,F,지,*,*,*,*
지고,0,0,0,E,F,지고,*,*,*,*
지나,0,0,0,E,F,지나,*,*,*,*
지니,0,0,0,E,F,지니,*,*,*,*
지니라,0,0,0,E,F,지니라,*,*,*,*
지라,0,0,0,E,F,지라,*,*,*,*
지라도,0,0,0,E,F,지라도,*,*,*,*
지로다,0,0,0,E,F,지로다,*,*,*,*
지마는,0,0,0,E,T,지마는,*,*,*,*
지만,0,0,0,E,T,지만,*,*,*,*
지만서도,0,0,0,E,F,지만서도,*,*,*,*
지만서두,0,0,0,E,F,지만서두,*,*,*,*
지며,0,0,0,E,F,지며,*,*,*,*
지어다,0,0,0,E,F,지어다,*,*,*,*
지언정,0,0,0,E,T,지언정,*,*,*,*
지요,0,0,0,E,F,지요,*,*,*,*
진,0,0,0,E,T,진,*,*,*,*
진대,0,0,0,E,F,진대,*,*,*,*
진댄,0,0,0,E,T,진댄,*,*,*,*
진저,0,0,0,E,F,진저,*,*,*,*
질,0,0,0,E,T,질,*,*,*,*
징,0,0,0,E,T,징,*,*,*,*
쿠,0,0,0,E,F,쿠,*,*,*,*
