가곡선,0,0,0,NNP,*,T,가곡선,*,*,*,*,*
가곡원류,0,0,0,NNP,*,F,가곡원류,*,*,*,*,*
가나안족,0,0,0,NNP,*,T,가나안족,*,*,*,*,*
가락국기,0,0,0,NNP,*,F,가락국기,*,*,*,*,*
가락삼왕사적,0,0,0,NNP,*,T,가락삼왕사적,*,*,*,*,*
가람고,0,0,0,NNP,*,F,가람고,*,*,*,*,*
가례,0,0,0,NNP,*,F,가례,*,*,*,*,*
가례고증,0,0,0,NNP,*,T,가례고증,*,*,*,*,*
가례도감의궤,0,0,0,NNP,*,F,가례도감의궤,*,*,*,*,*
가례부췌,0,0,0,NNP,*,F,가례부췌,*,*,*,*,*
가례언해,0,0,0,NNP,*,F,가례언해,*,*,*,*,*
가례원류,0,0,0,NNP,*,F,가례원류,*,*,*,*,*
가례원류속록,0,0,0,NNP,*,T,가례원류속록,*,*,*,*,*
가례증해,0,0,0,NNP,*,F,가례증해,*,*,*,*,*
가례집고,0,0,0,NNP,*,F,가례집고,*,*,*,*,*
가례집람,0,0,0,NNP,*,T,가례집람,*,*,*,*,*
가로족,0,0,0,NNP,*,T,가로족,*,*,*,*,*
가어,0,0,0,NNP,*,F,가어,*,*,*,*,*
가우초,0,0,0,NNP,*,F,가우초,*,*,*,*,*
가정보,0,0,0,NNP,*,F,가정보,*,*,*,*,*
가체신금사목,0,0,0,NNP,*,T,가체신금사목,*,*,*,*,*
가터훈장,0,0,0,NNP,*,T,가터훈장,*,*,*,*,*
각릉개수도감의궤,0,0,0,NNP,*,F,각릉개수도감의궤,*,*,*,*,*
각전궁동가의절,0,0,0,NNP,*,T,각전궁동가의절,*,*,*,*,*
간록,0,0,0,NNP,*,T,간록,*,*,*,*,*
간록자서,0,0,0,NNP,*,F,간록자서,*,*,*,*,*
간양록,0,0,0,NNP,*,T,간양록,*,*,*,*,*
간이벽온방,0,0,0,NNP,*,T,간이벽온방,*,*,*,*,*
간이벽온방언해,0,0,0,NNP,*,F,간이벽온방언해,*,*,*,*,*
간이조선어문법,0,0,0,NNP,*,T,간이조선어문법,*,*,*,*,*
간장,0,0,0,NNP,*,T,간장,*,*,*,*,*
간장막야,0,0,0,NNP,*,F,간장막야,*,*,*,*,*
간첩,0,0,0,NNP,*,T,간첩,*,*,*,*,*
간화결의론,0,0,0,NNP,*,T,간화결의론,*,*,*,*,*
갈,0,0,0,NNP,*,T,갈,*,*,*,*,*
갈리아전기,0,0,0,NNP,*,F,갈리아전기,*,*,*,*,*
갈색인종,0,0,0,NNP,*,T,갈색인종,*,*,*,*,*
감저보,0,0,0,NNP,*,F,감저보,*,*,*,*,*
감저신보,0,0,0,NNP,*,F,감저신보,*,*,*,*,*
갑을,0,0,0,NNP,*,T,갑을,*,*,*,*,*
갑을경,0,0,0,NNP,*,T,갑을경,*,*,*,*,*
갑을록,0,0,0,NNP,*,T,갑을록,*,*,*,*,*
강계고,0,0,0,NNP,*,F,강계고,*,*,*,*,*
강계지,0,0,0,NNP,*,F,강계지,*,*,*,*,*
강관론,0,0,0,NNP,*,T,강관론,*,*,*,*,*
강도지,0,0,0,NNP,*,F,강도지,*,*,*,*,*
강목,0,0,0,NNP,*,T,강목,*,*,*,*,*
강목집요,0,0,0,NNP,*,F,강목집요,*,*,*,*,*
강병수지,0,0,0,NNP,*,F,강병수지,*,*,*,*,*
강북일기,0,0,0,NNP,*,F,강북일기,*,*,*,*,*
강상문답,0,0,0,NNP,*,T,강상문답,*,*,*,*,*
강연설화,0,0,0,NNP,*,F,강연설화,*,*,*,*,*
강영영지,0,0,0,NNP,*,F,강영영지,*,*,*,*,*
강제문신제명록,0,0,0,NNP,*,T,강제문신제명록,*,*,*,*,*
강탄절,0,0,0,NNP,*,T,강탄절,*,*,*,*,*
강화부지,0,0,0,NNP,*,F,강화부지,*,*,*,*,*
강희자전,0,0,0,NNP,*,T,강희자전,*,*,*,*,*
개국원종공신녹권,0,0,0,NNP,*,T,개국원종공신녹권,*,*,*,*,*
개원석교록,0,0,0,NNP,*,T,개원석교록,*,*,*,*,*
개자원화전,0,0,0,NNP,*,T,개자원화전,*,*,*,*,*
개주학화편,0,0,0,NNP,*,T,개주학화편,*,*,*,*,*
객가,0,0,0,NNP,*,F,객가,*,*,*,*,*
갱장록,0,0,0,NNP,*,T,갱장록,*,*,*,*,*
거란국지,0,0,0,NNP,*,F,거란국지,*,*,*,*,*
거북선평면도,0,0,0,NNP,*,F,거북선평면도,*,*,*,*,*
건국방략,0,0,0,NNP,*,T,건국방략,*,*,*,*,*
건릉지,0,0,0,NNP,*,F,건릉지,*,*,*,*,*
건염이래계년요록,0,0,0,NNP,*,T,건염이래계년요록,*,*,*,*,*
건주견문록,0,0,0,NNP,*,T,건주견문록,*,*,*,*,*
건축십서,0,0,0,NNP,*,F,건축십서,*,*,*,*,*
검시도,0,0,0,NNP,*,F,검시도,*,*,*,*,*
검안서,0,0,0,NNP,*,F,검안서,*,*,*,*,*
게르마니아,0,0,0,NNP,*,F,게르마니아,*,*,*,*,*
게르만,0,0,0,NNP,*,T,게르만,*,*,*,*,*
격몽요결,0,0,0,NNP,*,T,격몽요결,*,*,*,*,*
견첩록,0,0,0,NNP,*,T,견첩록,*,*,*,*,*
결송유취,0,0,0,NNP,*,F,결송유취,*,*,*,*,*
결송유취보,0,0,0,NNP,*,F,결송유취보,*,*,*,*,*
경교장,0,0,0,NNP,*,T,경교장,*,*,*,*,*
경국대전,0,0,0,NNP,*,T,경국대전,*,*,*,*,*
경국대전속록,0,0,0,NNP,*,T,경국대전속록,*,*,*,*,*
경국대전주해,0,0,0,NNP,*,F,경국대전주해,*,*,*,*,*
경국육전,0,0,0,NNP,*,T,경국육전,*,*,*,*,*
경국전,0,0,0,NNP,*,T,경국전,*,*,*,*,*
경덕전등록,0,0,0,NNP,*,T,경덕전등록,*,*,*,*,*
경덕진도록,0,0,0,NNP,*,T,경덕진도록,*,*,*,*,*
경도잡지,0,0,0,NNP,*,F,경도잡지,*,*,*,*,*
경모궁의궤,0,0,0,NNP,*,F,경모궁의궤,*,*,*,*,*
경민편,0,0,0,NNP,*,T,경민편,*,*,*,*,*
경민편언해,0,0,0,NNP,*,F,경민편언해,*,*,*,*,*
경상도속찬지리지,0,0,0,NNP,*,F,경상도속찬지리지,*,*,*,*,*
경상도지리지,0,0,0,NNP,*,F,경상도지리지,*,*,*,*,*
경서정음,0,0,0,NNP,*,T,경서정음,*,*,*,*,*
경성부사,0,0,0,NNP,*,F,경성부사,*,*,*,*,*
경세대전,0,0,0,NNP,*,T,경세대전,*,*,*,*,*
경세유표,0,0,0,NNP,*,F,경세유표,*,*,*,*,*
경세정운도설,0,0,0,NNP,*,T,경세정운도설,*,*,*,*,*
경세편,0,0,0,NNP,*,T,경세편,*,*,*,*,*
경세훈민정음도설,0,0,0,NNP,*,T,경세훈민정음도설,*,*,*,*,*
경신록,0,0,0,NNP,*,T,경신록,*,*,*,*,*
경신록언석,0,0,0,NNP,*,T,경신록언석,*,*,*,*,*
경신록언해,0,0,0,NNP,*,F,경신록언해,*,*,*,*,*
경연일기,0,0,0,NNP,*,F,경연일기,*,*,*,*,*
경의고,0,0,0,NNP,*,F,경의고,*,*,*,*,*
경적찬고,0,0,0,NNP,*,F,경적찬고,*,*,*,*,*
경전석문,0,0,0,NNP,*,T,경전석문,*,*,*,*,*
경제공황론,0,0,0,NNP,*,T,경제공황론,*,*,*,*,*
경제문감,0,0,0,NNP,*,T,경제문감,*,*,*,*,*
경제속육전,0,0,0,NNP,*,T,경제속육전,*,*,*,*,*
경제신찬육전,0,0,0,NNP,*,T,경제신찬육전,*,*,*,*,*
경제육전,0,0,0,NNP,*,T,경제육전,*,*,*,*,*
경제학원리,0,0,0,NNP,*,F,경제학원리,*,*,*,*,*
경종수정실록,0,0,0,NNP,*,T,경종수정실록,*,*,*,*,*
경종실록,0,0,0,NNP,*,T,경종실록,*,*,*,*,*
경종춘방일기,0,0,0,NNP,*,F,경종춘방일기,*,*,*,*,*
경찰의날,0,0,0,NNP,*,T,경찰의날,*,*,*,*,*
경험과자연,0,0,0,NNP,*,T,경험과자연,*,*,*,*,*
경효전일기,0,0,0,NNP,*,F,경효전일기,*,*,*,*,*
계고략,0,0,0,NNP,*,T,계고략,*,*,*,*,*
계곡만필,0,0,0,NNP,*,T,계곡만필,*,*,*,*,*
계곡집,0,0,0,NNP,*,T,계곡집,*,*,*,*,*
계림유사,0,0,0,NNP,*,F,계림유사,*,*,*,*,*
계림잡전,0,0,0,NNP,*,T,계림잡전,*,*,*,*,*
계몽도설,0,0,0,NNP,*,T,계몽도설,*,*,*,*,*
계몽전의,0,0,0,NNP,*,F,계몽전의,*,*,*,*,*
계몽편언해,0,0,0,NNP,*,F,계몽편언해,*,*,*,*,*
계묘일기,0,0,0,NNP,*,F,계묘일기,*,*,*,*,*
계미기사,0,0,0,NNP,*,F,계미기사,*,*,*,*,*
계미진신풍우록,0,0,0,NNP,*,T,계미진신풍우록,*,*,*,*,*
계방록,0,0,0,NNP,*,T,계방록,*,*,*,*,*
계백료서,0,0,0,NNP,*,F,계백료서,*,*,*,*,*
계서야담,0,0,0,NNP,*,T,계서야담,*,*,*,*,*
계주윤음,0,0,0,NNP,*,T,계주윤음,*,*,*,*,*
계초심학인문,0,0,0,NNP,*,T,계초심학인문,*,*,*,*,*
고가주석,0,0,0,NNP,*,T,고가주석,*,*,*,*,*
고간독,0,0,0,NNP,*,T,고간독,*,*,*,*,*
고공기,0,0,0,NNP,*,F,고공기,*,*,*,*,*
고금경험활유방,0,0,0,NNP,*,T,고금경험활유방,*,*,*,*,*
고금도서집성,0,0,0,NNP,*,T,고금도서집성,*,*,*,*,*
고금록,0,0,0,NNP,*,T,고금록,*,*,*,*,*
고금문,0,0,0,NNP,*,T,고금문,*,*,*,*,*
고금상정예문,0,0,0,NNP,*,T,고금상정예문,*,*,*,*,*
고금석림,0,0,0,NNP,*,T,고금석림,*,*,*,*,*
고금설원,0,0,0,NNP,*,T,고금설원,*,*,*,*,*
고금소총,0,0,0,NNP,*,T,고금소총,*,*,*,*,*
고금역대법첩,0,0,0,NNP,*,T,고금역대법첩,*,*,*,*,*
고금역대촬요,0,0,0,NNP,*,F,고금역대촬요,*,*,*,*,*
고금운회거요,0,0,0,NNP,*,F,고금운회거요,*,*,*,*,*
고금주,0,0,0,NNP,*,F,고금주,*,*,*,*,*
고대사,0,0,0,NNP,*,F,고대사,*,*,*,*,*
고대사회,0,0,0,NNP,*,F,고대사회,*,*,*,*,*
고독한군중,0,0,0,NNP,*,T,고독한군중,*,*,*,*,*
고려도경,0,0,0,NNP,*,T,고려도경,*,*,*,*,*
고려명신전,0,0,0,NNP,*,T,고려명신전,*,*,*,*,*
고려사,0,0,0,NNP,*,F,고려사,*,*,*,*,*
고려사절요,0,0,0,NNP,*,F,고려사절요,*,*,*,*,*
고려일력,0,0,0,NNP,*,T,고려일력,*,*,*,*,*
고론,0,0,0,NNP,*,T,고론,*,*,*,*,*
고문백선,0,0,0,NNP,*,T,고문백선,*,*,*,*,*
고문상서,0,0,0,NNP,*,F,고문상서,*,*,*,*,*
고문진보,0,0,0,NNP,*,F,고문진보,*,*,*,*,*
고반여사,0,0,0,NNP,*,F,고반여사,*,*,*,*,*
고사기,0,0,0,NNP,*,F,고사기,*,*,*,*,*
고사변,0,0,0,NNP,*,T,고사변,*,*,*,*,*
고사족,0,0,0,NNP,*,T,고사족,*,*,*,*,*
고사촬요,0,0,0,NNP,*,F,고사촬요,*,*,*,*,*
고사통,0,0,0,NNP,*,T,고사통,*,*,*,*,*
고산유고,0,0,0,NNP,*,F,고산유고,*,*,*,*,*
고산족,0,0,0,NNP,*,T,고산족,*,*,*,*,*
고성총쇄록,0,0,0,NNP,*,T,고성총쇄록,*,*,*,*,*
고승전,0,0,0,NNP,*,T,고승전,*,*,*,*,*
고신록,0,0,0,NNP,*,T,고신록,*,*,*,*,*
고아시아족,0,0,0,NNP,*,T,고아시아족,*,*,*,*,*
고용이자및화폐의일반이론,0,0,0,NNP,*,T,고용이자및화폐의일반이론,*,*,*,*,*
고지키,0,0,0,NNP,*,F,고지키,*,*,*,*,*
고화품록,0,0,0,NNP,*,T,고화품록,*,*,*,*,*
곡량전,0,0,0,NNP,*,T,곡량전,*,*,*,*,*
곤드족,0,0,0,NNP,*,T,곤드족,*,*,*,*,*
곤여도설,0,0,0,NNP,*,T,곤여도설,*,*,*,*,*
곤충기,0,0,0,NNP,*,F,곤충기,*,*,*,*,*
곤학기문,0,0,0,NNP,*,T,곤학기문,*,*,*,*,*
골계전,0,0,0,NNP,*,T,골계전,*,*,*,*,*
골든트레저리,0,0,0,NNP,*,F,골든트레저리,*,*,*,*,*
공간의시학,0,0,0,NNP,*,T,공간의시학,*,*,*,*,*
공거문,0,0,0,NNP,*,T,공거문,*,*,*,*,*
공거문초,0,0,0,NNP,*,F,공거문초,*,*,*,*,*
공거문총,0,0,0,NNP,*,T,공거문총,*,*,*,*,*
공거문휘,0,0,0,NNP,*,F,공거문휘,*,*,*,*,*
공거유람,0,0,0,NNP,*,T,공거유람,*,*,*,*,*
공거유선,0,0,0,NNP,*,T,공거유선,*,*,*,*,*
공과격,0,0,0,NNP,*,T,공과격,*,*,*,*,*
공리주의,0,0,0,NNP,*,F,공리주의,*,*,*,*,*
공산당선언,0,0,0,NNP,*,T,공산당선언,*,*,*,*,*
공상에서과학으로,0,0,0,NNP,*,F,공상에서과학으로,*,*,*,*,*
공선정례,0,0,0,NNP,*,F,공선정례,*,*,*,*,*
공성탄신연화,0,0,0,NNP,*,F,공성탄신연화,*,*,*,*,*
공신록,0,0,0,NNP,*,T,공신록,*,*,*,*,*
공양전,0,0,0,NNP,*,T,공양전,*,*,*,*,*
공자가어,0,0,0,NNP,*,F,공자가어,*,*,*,*,*
공정주법,0,0,0,NNP,*,T,공정주법,*,*,*,*,*
공포와전율,0,0,0,NNP,*,T,공포와전율,*,*,*,*,*
과농소초,0,0,0,NNP,*,F,과농소초,*,*,*,*,*
과문규식,0,0,0,NNP,*,T,과문규식,*,*,*,*,*
과보,0,0,0,NNP,*,F,과보,*,*,*,*,*
과시시초,0,0,0,NNP,*,F,과시시초,*,*,*,*,*
과정과실재,0,0,0,NNP,*,F,과정과실재,*,*,*,*,*
과학의날,0,0,0,NNP,*,T,과학의날,*,*,*,*,*
과화존신,0,0,0,NNP,*,T,과화존신,*,*,*,*,*
관규,0,0,0,NNP,*,F,관규,*,*,*,*,*
관봉유고,0,0,0,NNP,*,F,관봉유고,*,*,*,*,*
관북도,0,0,0,NNP,*,F,관북도,*,*,*,*,*
관북유람일기,0,0,0,NNP,*,F,관북유람일기,*,*,*,*,*
관상감계목,0,0,0,NNP,*,T,관상감계목,*,*,*,*,*
관성제군명성경,0,0,0,NNP,*,T,관성제군명성경,*,*,*,*,*
관윤자,0,0,0,NNP,*,F,관윤자,*,*,*,*,*
관음경언해,0,0,0,NNP,*,F,관음경언해,*,*,*,*,*
관음보살주경,0,0,0,NNP,*,T,관음보살주경,*,*,*,*,*
관자,0,0,0,NNP,*,F,관자,*,*,*,*,*
관잠,0,0,0,NNP,*,T,관잠,*,*,*,*,*
광사,0,0,0,NNP,*,F,광사,*,*,*,*,*
광아,0,0,0,NNP,*,F,광아,*,*,*,*,*
광운,0,0,0,NNP,*,T,광운,*,*,*,*,*
광재물보,0,0,0,NNP,*,F,광재물보,*,*,*,*,*
광제비급,0,0,0,NNP,*,T,광제비급,*,*,*,*,*
광해군일기,0,0,0,NNP,*,F,광해군일기,*,*,*,*,*
광홍명집,0,0,0,NNP,*,T,광홍명집,*,*,*,*,*
교린지,0,0,0,NNP,*,F,교린지,*,*,*,*,*
교서초,0,0,0,NNP,*,F,교서초,*,*,*,*,*
교식추보법,0,0,0,NNP,*,T,교식추보법,*,*,*,*,*
교육과사회학,0,0,0,NNP,*,T,교육과사회학,*,*,*,*,*
교정의날,0,0,0,NNP,*,T,교정의날,*,*,*,*,*
교학정례,0,0,0,NNP,*,F,교학정례,*,*,*,*,*
구고록,0,0,0,NNP,*,T,구고록,*,*,*,*,*
구급간이방,0,0,0,NNP,*,T,구급간이방,*,*,*,*,*
구급방언해,0,0,0,NNP,*,F,구급방언해,*,*,*,*,*
구급양방,0,0,0,NNP,*,T,구급양방,*,*,*,*,*
구급이해방,0,0,0,NNP,*,T,구급이해방,*,*,*,*,*
구급이해방언해,0,0,0,NNP,*,F,구급이해방언해,*,*,*,*,*
구당서,0,0,0,NNP,*,F,구당서,*,*,*,*,*
구라철사금자보,0,0,0,NNP,*,F,구라철사금자보,*,*,*,*,*
구라파대인종,0,0,0,NNP,*,T,구라파대인종,*,*,*,*,*
구라파인종,0,0,0,NNP,*,T,구라파인종,*,*,*,*,*
구르카족,0,0,0,NNP,*,T,구르카족,*,*,*,*,*
구법고승전,0,0,0,NNP,*,T,구법고승전,*,*,*,*,*
구삼국사,0,0,0,NNP,*,F,구삼국사,*,*,*,*,*
구양문충공집,0,0,0,NNP,*,T,구양문충공집,*,*,*,*,*
구오대사,0,0,0,NNP,*,F,구오대사,*,*,*,*,*
구인록,0,0,0,NNP,*,T,구인록,*,*,*,*,*
구일집,0,0,0,NNP,*,T,구일집,*,*,*,*,*
구조인류학,0,0,0,NNP,*,T,구조인류학,*,*,*,*,*
구통,0,0,0,NNP,*,T,구통,*,*,*,*,*
구황보유방,0,0,0,NNP,*,T,구황보유방,*,*,*,*,*
구황촬요,0,0,0,NNP,*,F,구황촬요,*,*,*,*,*
구황촬요벽온방,0,0,0,NNP,*,T,구황촬요벽온방,*,*,*,*,*
국경절,0,0,0,NNP,*,T,국경절,*,*,*,*,*
국군의날,0,0,0,NNP,*,T,국군의날,*,*,*,*,*
국문정리,0,0,0,NNP,*,F,국문정리,*,*,*,*,*
국본금보,0,0,0,NNP,*,F,국본금보,*,*,*,*,*
국부론,0,0,0,NNP,*,T,국부론,*,*,*,*,*
국사,0,0,0,NNP,*,F,국사,*,*,*,*,*
국사기책,0,0,0,NNP,*,T,국사기책,*,*,*,*,*
국어,0,0,0,NNP,*,F,국어,*,*,*,*,*
국어문법,0,0,0,NNP,*,T,국어문법,*,*,*,*,*
국어문전음학,0,0,0,NNP,*,T,국어문전음학,*,*,*,*,*
국어사전,0,0,0,NNP,*,T,국어사전,*,*,*,*,*
국장도감의궤,0,0,0,NNP,*,F,국장도감의궤,*,*,*,*,*
국제관설관광기구,0,0,0,NNP,*,F,국제관설관광기구,*,*,*,*,*
국제박물관협의회,0,0,0,NNP,*,F,국제박물관협의회,*,*,*,*,*
국제적십자의날,0,0,0,NNP,*,T,국제적십자의날,*,*,*,*,*
국제측량사연맹,0,0,0,NNP,*,T,국제측량사연맹,*,*,*,*,*
국조계방록,0,0,0,NNP,*,T,국조계방록,*,*,*,*,*
국조고사,0,0,0,NNP,*,F,국조고사,*,*,*,*,*
국조기략,0,0,0,NNP,*,T,국조기략,*,*,*,*,*
국조명신록,0,0,0,NNP,*,T,국조명신록,*,*,*,*,*
국조명신언행록,0,0,0,NNP,*,T,국조명신언행록,*,*,*,*,*
국조문과방목,0,0,0,NNP,*,T,국조문과방목,*,*,*,*,*
국조문과성보,0,0,0,NNP,*,F,국조문과성보,*,*,*,*,*
국조방목,0,0,0,NNP,*,T,국조방목,*,*,*,*,*
국조보감,0,0,0,NNP,*,T,국조보감,*,*,*,*,*
국조보첩,0,0,0,NNP,*,T,국조보첩,*,*,*,*,*
국조사장,0,0,0,NNP,*,T,국조사장,*,*,*,*,*
국조상례보편,0,0,0,NNP,*,T,국조상례보편,*,*,*,*,*
국조속오례의,0,0,0,NNP,*,F,국조속오례의,*,*,*,*,*
국조시산,0,0,0,NNP,*,T,국조시산,*,*,*,*,*
국조악장,0,0,0,NNP,*,T,국조악장,*,*,*,*,*
국조역상고,0,0,0,NNP,*,F,국조역상고,*,*,*,*,*
국조오례서례,0,0,0,NNP,*,F,국조오례서례,*,*,*,*,*
국조오례의,0,0,0,NNP,*,F,국조오례의,*,*,*,*,*
국조유선록,0,0,0,NNP,*,T,국조유선록,*,*,*,*,*
국조인물고,0,0,0,NNP,*,F,국조인물고,*,*,*,*,*
국조진신안,0,0,0,NNP,*,T,국조진신안,*,*,*,*,*
국조첩록,0,0,0,NNP,*,T,국조첩록,*,*,*,*,*
국조휘언,0,0,0,NNP,*,T,국조휘언,*,*,*,*,*
국혼정례,0,0,0,NNP,*,F,국혼정례,*,*,*,*,*
군두목,0,0,0,NNP,*,T,군두목,*,*,*,*,*
군문등록,0,0,0,NNP,*,T,군문등록,*,*,*,*,*
군범집책,0,0,0,NNP,*,T,군범집책,*,*,*,*,*
군서치요,0,0,0,NNP,*,F,군서치요,*,*,*,*,*
군재독서지,0,0,0,NNP,*,F,군재독서지,*,*,*,*,*
군주론,0,0,0,NNP,*,T,군주론,*,*,*,*,*
군주통치론,0,0,0,NNP,*,T,군주통치론,*,*,*,*,*
궁궐지,0,0,0,NNP,*,F,궁궐지,*,*,*,*,*
궁내부일기,0,0,0,NNP,*,F,궁내부일기,*,*,*,*,*
궁료소,0,0,0,NNP,*,F,궁료소,*,*,*,*,*
궁원록,0,0,0,NNP,*,T,궁원록,*,*,*,*,*
궁원식례,0,0,0,NNP,*,F,궁원식례,*,*,*,*,*
권선징악가,0,0,0,NNP,*,F,권선징악가,*,*,*,*,*
권학편,0,0,0,NNP,*,T,권학편,*,*,*,*,*
귀곡자,0,0,0,NNP,*,F,귀곡자,*,*,*,*,*
귀수,0,0,0,NNP,*,F,귀수,*,*,*,*,*
규방필독,0,0,0,NNP,*,T,규방필독,*,*,*,*,*
규장각일기,0,0,0,NNP,*,F,규장각일기,*,*,*,*,*
규장각지,0,0,0,NNP,*,F,규장각지,*,*,*,*,*
규장전운,0,0,0,NNP,*,T,규장전운,*,*,*,*,*
규합총서,0,0,0,NNP,*,F,규합총서,*,*,*,*,*
균여전,0,0,0,NNP,*,T,균여전,*,*,*,*,*
그래프저널리즘,0,0,0,NNP,*,T,그래프저널리즘,*,*,*,*,*
그랜드티턴국립공원,0,0,0,NNP,*,T,그랜드티턴국립공원,*,*,*,*,*
그루지야인,0,0,0,NNP,*,T,그루지야인,*,*,*,*,*
그루지야족,0,0,0,NNP,*,T,그루지야족,*,*,*,*,*
그리콰인,0,0,0,NNP,*,T,그리콰인,*,*,*,*,*
근대민주정치,0,0,0,NNP,*,F,근대민주정치,*,*,*,*,*
근대화가론,0,0,0,NNP,*,T,근대화가론,*,*,*,*,*
근로자의날,0,0,0,NNP,*,T,근로자의날,*,*,*,*,*
근사록,0,0,0,NNP,*,T,근사록,*,*,*,*,*
근사록석의,0,0,0,NNP,*,F,근사록석의,*,*,*,*,*
근역서화징,0,0,0,NNP,*,T,근역서화징,*,*,*,*,*
금강경삼가해,0,0,0,NNP,*,F,금강경삼가해,*,*,*,*,*
금강경언해,0,0,0,NNP,*,F,금강경언해,*,*,*,*,*
금강경오가해,0,0,0,NNP,*,F,금강경오가해,*,*,*,*,*
금강경오가해설의,0,0,0,NNP,*,F,금강경오가해설의,*,*,*,*,*
금강경육조언해,0,0,0,NNP,*,F,금강경육조언해,*,*,*,*,*
금강반야바라밀경언해,0,0,0,NNP,*,F,금강반야바라밀경언해,*,*,*,*,*
금강삼매경,0,0,0,NNP,*,T,금강삼매경,*,*,*,*,*
금강삼매경론,0,0,0,NNP,*,T,금강삼매경론,*,*,*,*,*
금궤요략,0,0,0,NNP,*,T,금궤요략,*,*,*,*,*
금남표해록,0,0,0,NNP,*,T,금남표해록,*,*,*,*,*
금릉집,0,0,0,NNP,*,T,금릉집,*,*,*,*,*
금문상서,0,0,0,NNP,*,F,금문상서,*,*,*,*,*
금보,0,0,0,NNP,*,F,금보,*,*,*,*,*
금보고,0,0,0,NNP,*,F,금보고,*,*,*,*,*
금사,0,0,0,NNP,*,F,금사,*,*,*,*,*
금석과안록,0,0,0,NNP,*,T,금석과안록,*,*,*,*,*
금석록,0,0,0,NNP,*,T,금석록,*,*,*,*,*
금양잡록,0,0,0,NNP,*,T,금양잡록,*,*,*,*,*
금조,0,0,0,NNP,*,F,금조,*,*,*,*,*
금지편,0,0,0,NNP,*,T,금지편,*,*,*,*,*
금합자보,0,0,0,NNP,*,F,금합자보,*,*,*,*,*
금호유고,0,0,0,NNP,*,F,금호유고,*,*,*,*,*
급유방,0,0,0,NNP,*,T,급유방,*,*,*,*,*
급취,0,0,0,NNP,*,F,급취,*,*,*,*,*
급취장,0,0,0,NNP,*,T,급취장,*,*,*,*,*
급취편,0,0,0,NNP,*,T,급취편,*,*,*,*,*
기기도설,0,0,0,NNP,*,T,기기도설,*,*,*,*,*
기네스북,0,0,0,NNP,*,T,기네스북,*,*,*,*,*
기년아람,0,0,0,NNP,*,T,기년아람,*,*,*,*,*
기니인,0,0,0,NNP,*,T,기니인,*,*,*,*,*
기담수록,0,0,0,NNP,*,T,기담수록,*,*,*,*,*
기독교강요,0,0,0,NNP,*,F,기독교강요,*,*,*,*,*
기독교정수,0,0,0,NNP,*,F,기독교정수,*,*,*,*,*
기려수필,0,0,0,NNP,*,T,기려수필,*,*,*,*,*
기묘록,0,0,0,NNP,*,T,기묘록,*,*,*,*,*
기묘제현전,0,0,0,NNP,*,T,기묘제현전,*,*,*,*,*
기범연의,0,0,0,NNP,*,F,기범연의,*,*,*,*,*
기사제신생시장,0,0,0,NNP,*,T,기사제신생시장,*,*,*,*,*
기사지,0,0,0,NNP,*,F,기사지,*,*,*,*,*
기자외기,0,0,0,NNP,*,F,기자외기,*,*,*,*,*
기자운,0,0,0,NNP,*,T,기자운,*,*,*,*,*
기자지,0,0,0,NNP,*,F,기자지,*,*,*,*,*
기재사초,0,0,0,NNP,*,F,기재사초,*,*,*,*,*
기재잡기,0,0,0,NNP,*,F,기재잡기,*,*,*,*,*
기전고,0,0,0,NNP,*,F,기전고,*,*,*,*,*
기측체의,0,0,0,NNP,*,F,기측체의,*,*,*,*,*
기하원본,0,0,0,NNP,*,T,기하원본,*,*,*,*,*
기하학원론,0,0,0,NNP,*,T,기하학원론,*,*,*,*,*
기해일기,0,0,0,NNP,*,F,기해일기,*,*,*,*,*
기효신서,0,0,0,NNP,*,F,기효신서,*,*,*,*,*
기효신서절요,0,0,0,NNP,*,F,기효신서절요,*,*,*,*,*
길랴크,0,0,0,NNP,*,F,길랴크,*,*,*,*,*
길랴크족,0,0,0,NNP,*,T,길랴크족,*,*,*,*,*
길례요람,0,0,0,NNP,*,T,길례요람,*,*,*,*,*
김씨세효도,0,0,0,NNP,*,F,김씨세효도,*,*,*,*,*
김일성경기장,0,0,0,NNP,*,T,김일성경기장,*,*,*,*,*
김일성광장,0,0,0,NNP,*,T,김일성광장,*,*,*,*,*
깁더조선말본,0,0,0,NNP,*,T,깁더조선말본,*,*,*,*,*
꿀벌의생활,0,0,0,NNP,*,T,꿀벌의생활,*,*,*,*,*
꿈의해석,0,0,0,NNP,*,T,꿈의해석,*,*,*,*,*
나가족,0,0,0,NNP,*,T,나가족,*,*,*,*,*
나려이두,0,0,0,NNP,*,F,나려이두,*,*,*,*,*
나리포사실,0,0,0,NNP,*,T,나리포사실,*,*,*,*,*
나바호족,0,0,0,NNP,*,T,나바호족,*,*,*,*,*
나우아족,0,0,0,NNP,*,T,나우아족,*,*,*,*,*
나우아틀인,0,0,0,NNP,*,T,나우아틀인,*,*,*,*,*
나의투쟁,0,0,0,NNP,*,T,나의투쟁,*,*,*,*,*
나이팅게일상,0,0,0,NNP,*,T,나이팅게일상,*,*,*,*,*
나일로틱니그로,0,0,0,NNP,*,F,나일로틱니그로,*,*,*,*,*
나자와사자,0,0,0,NNP,*,F,나자와사자,*,*,*,*,*
나티아샤스트라,0,0,0,NNP,*,F,나티아샤스트라,*,*,*,*,*
낙양가람기,0,0,0,NNP,*,F,낙양가람기,*,*,*,*,*
낙양삼사기,0,0,0,NNP,*,F,낙양삼사기,*,*,*,*,*
난계유고,0,0,0,NNP,*,F,난계유고,*,*,*,*,*
난선,0,0,0,NNP,*,T,난선,*,*,*,*,*
난선제주도난파기,0,0,0,NNP,*,F,난선제주도난파기,*,*,*,*,*
난설헌집,0,0,0,NNP,*,T,난설헌집,*,*,*,*,*
난정첩,0,0,0,NNP,*,T,난정첩,*,*,*,*,*
난중일기,0,0,0,NNP,*,F,난중일기,*,*,*,*,*
난중잡록,0,0,0,NNP,*,T,난중잡록,*,*,*,*,*
난호어목지,0,0,0,NNP,*,F,난호어목지,*,*,*,*,*
남극,0,0,0,NNP,*,T,남극,*,*,*,*,*
남당서,0,0,0,NNP,*,F,남당서,*,*,*,*,*
남명집언해,0,0,0,NNP,*,F,남명집언해,*,*,*,*,*
남명학기유편,0,0,0,NNP,*,T,남명학기유편,*,*,*,*,*
남보,0,0,0,NNP,*,F,남보,*,*,*,*,*
남북사,0,0,0,NNP,*,F,남북사,*,*,*,*,*
남사,0,0,0,NNP,*,F,남사,*,*,*,*,*
남성록,0,0,0,NNP,*,T,남성록,*,*,*,*,*
남성의성적행동,0,0,0,NNP,*,T,남성의성적행동,*,*,*,*,*
남양시집,0,0,0,NNP,*,T,남양시집,*,*,*,*,*
남전대장경,0,0,0,NNP,*,T,남전대장경,*,*,*,*,*
남정일기,0,0,0,NNP,*,F,남정일기,*,*,*,*,*
남정일록,0,0,0,NNP,*,T,남정일록,*,*,*,*,*
남제서,0,0,0,NNP,*,F,남제서,*,*,*,*,*
남한가람지,0,0,0,NNP,*,F,남한가람지,*,*,*,*,*
남한일기,0,0,0,NNP,*,F,남한일기,*,*,*,*,*
남화,0,0,0,NNP,*,F,남화,*,*,*,*,*
남화경,0,0,0,NNP,*,T,남화경,*,*,*,*,*
남화진경,0,0,0,NNP,*,T,남화진경,*,*,*,*,*
남훈태평가,0,0,0,NNP,*,F,남훈태평가,*,*,*,*,*
납세자의날,0,0,0,NNP,*,T,납세자의날,*,*,*,*,*
낭옹신보,0,0,0,NNP,*,F,낭옹신보,*,*,*,*,*
내각방서록,0,0,0,NNP,*,T,내각방서록,*,*,*,*,*
내각일력,0,0,0,NNP,*,T,내각일력,*,*,*,*,*
내경,0,0,0,NNP,*,T,내경,*,*,*,*,*
내셔널아카데미오브사이언스,0,0,0,NNP,*,F,내셔널아카데미오브사이언스,*,*,*,*,*
내훈,0,0,0,NNP,*,T,내훈,*,*,*,*,*
노가재연행록,0,0,0,NNP,*,T,노가재연행록,*,*,*,*,*
노가재연행일기,0,0,0,NNP,*,F,노가재연행일기,*,*,*,*,*
노가재집,0,0,0,NNP,*,T,노가재집,*,*,*,*,*
노걸대,0,0,0,NNP,*,F,노걸대,*,*,*,*,*
노걸대신석,0,0,0,NNP,*,T,노걸대신석,*,*,*,*,*
노걸대언해,0,0,0,NNP,*,F,노걸대언해,*,*,*,*,*
노계가사통해,0,0,0,NNP,*,F,노계가사통해,*,*,*,*,*
노계집,0,0,0,NNP,*,T,노계집,*,*,*,*,*
노동계약론,0,0,0,NNP,*,T,노동계약론,*,*,*,*,*
노동절,0,0,0,NNP,*,T,노동절,*,*,*,*,*
노동협약론,0,0,0,NNP,*,T,노동협약론,*,*,*,*,*
노론,0,0,0,NNP,*,T,노론,*,*,*,*,*
노르디데,0,0,0,NNP,*,F,노르디데,*,*,*,*,*
노릉지,0,0,0,NNP,*,F,노릉지,*,*,*,*,*
노박집람,0,0,0,NNP,*,T,노박집람,*,*,*,*,*
노벨상,0,0,0,NNP,*,T,노벨상,*,*,*,*,*
노부식,0,0,0,NNP,*,T,노부식,*,*,*,*,*
노붐오르가눔,0,0,0,NNP,*,T,노붐오르가눔,*,*,*,*,*
노사영언,0,0,0,NNP,*,T,노사영언,*,*,*,*,*
노산군일기,0,0,0,NNP,*,F,노산군일기,*,*,*,*,*
노시,0,0,0,NNP,*,F,노시,*,*,*,*,*
노신잡감선집,0,0,0,NNP,*,T,노신잡감선집,*,*,*,*,*
노예에서해방으로,0,0,0,NNP,*,F,노예에서해방으로,*,*,*,*,*
노인의날,0,0,0,NNP,*,T,노인의날,*,*,*,*,*
노자,0,0,0,NNP,*,F,노자,*,*,*,*,*
노자도덕경,0,0,0,NNP,*,T,노자도덕경,*,*,*,*,*
노한사전,0,0,0,NNP,*,T,노한사전,*,*,*,*,*
녹귀부,0,0,0,NNP,*,F,녹귀부,*,*,*,*,*
논개제전,0,0,0,NNP,*,T,논개제전,*,*,*,*,*
논리연구,0,0,0,NNP,*,F,논리연구,*,*,*,*,*
논리철학논문,0,0,0,NNP,*,T,논리철학논문,*,*,*,*,*
논리학,0,0,0,NNP,*,T,논리학,*,*,*,*,*
논맹문의통고,0,0,0,NNP,*,F,논맹문의통고,*,*,*,*,*
논맹인물유취,0,0,0,NNP,*,F,논맹인물유취,*,*,*,*,*
논사단칠정서,0,0,0,NNP,*,F,논사단칠정서,*,*,*,*,*
논사록,0,0,0,NNP,*,T,논사록,*,*,*,*,*
논어,0,0,0,NNP,*,F,논어,*,*,*,*,*
논어고금주,0,0,0,NNP,*,F,논어고금주,*,*,*,*,*
논어상설,0,0,0,NNP,*,T,논어상설,*,*,*,*,*
논어수차,0,0,0,NNP,*,F,논어수차,*,*,*,*,*
논어언해,0,0,0,NNP,*,F,논어언해,*,*,*,*,*
논어율곡언해,0,0,0,NNP,*,F,논어율곡언해,*,*,*,*,*
논어정음,0,0,0,NNP,*,T,논어정음,*,*,*,*,*
논어정의,0,0,0,NNP,*,F,논어정의,*,*,*,*,*
논어집해,0,0,0,NNP,*,F,논어집해,*,*,*,*,*
논형,0,0,0,NNP,*,T,논형,*,*,*,*,*
농가집성,0,0,0,NNP,*,T,농가집성,*,*,*,*,*
농려집,0,0,0,NNP,*,T,농려집,*,*,*,*,*
농사직설,0,0,0,NNP,*,T,농사직설,*,*,*,*,*
농상집요,0,0,0,NNP,*,F,농상집요,*,*,*,*,*
농서,0,0,0,NNP,*,F,농서,*,*,*,*,*
농서언해,0,0,0,NNP,*,F,농서언해,*,*,*,*,*
농서총론,0,0,0,NNP,*,T,농서총론,*,*,*,*,*
농악보존마을,0,0,0,NNP,*,T,농악보존마을,*,*,*,*,*
농암유지,0,0,0,NNP,*,F,농암유지,*,*,*,*,*
농암집,0,0,0,NNP,*,T,농암집,*,*,*,*,*
농업인의날,0,0,0,NNP,*,T,농업인의날,*,*,*,*,*
농정신서,0,0,0,NNP,*,F,농정신서,*,*,*,*,*
농정전서,0,0,0,NNP,*,F,농정전서,*,*,*,*,*
농정촬요,0,0,0,NNP,*,F,농정촬요,*,*,*,*,*
누비아족,0,0,0,NNP,*,T,누비아족,*,*,*,*,*
누에르족,0,0,0,NNP,*,T,누에르족,*,*,*,*,*
누주통의,0,0,0,NNP,*,F,누주통의,*,*,*,*,*
누판고,0,0,0,NNP,*,F,누판고,*,*,*,*,*
눌재선생집,0,0,0,NNP,*,T,눌재선생집,*,*,*,*,*
뉴아틀란티스,0,0,0,NNP,*,F,뉴아틀란티스,*,*,*,*,*
뉴욕동물원,0,0,0,NNP,*,T,뉴욕동물원,*,*,*,*,*
뉴욕식물원,0,0,0,NNP,*,T,뉴욕식물원,*,*,*,*,*
능가경,0,0,0,NNP,*,T,능가경,*,*,*,*,*
능엄경언해,0,0,0,NNP,*,F,능엄경언해,*,*,*,*,*
능원천봉도감의궤,0,0,0,NNP,*,F,능원천봉도감의궤,*,*,*,*,*
니그로이드,0,0,0,NNP,*,F,니그로이드,*,*,*,*,*
니그로인종,0,0,0,NNP,*,T,니그로인종,*,*,*,*,*
니그리토족,0,0,0,NNP,*,T,니그리토족,*,*,*,*,*
니코마코스윤리학,0,0,0,NNP,*,T,니코마코스윤리학,*,*,*,*,*
니혼쇼키,0,0,0,NNP,*,F,니혼쇼키,*,*,*,*,*
닐로트족,0,0,0,NNP,*,T,닐로트족,*,*,*,*,*
다경,0,0,0,NNP,*,T,다경,*,*,*,*,*
다르마샤스트라,0,0,0,NNP,*,F,다르마샤스트라,*,*,*,*,*
다비문,0,0,0,NNP,*,T,다비문,*,*,*,*,*
다신,0,0,0,NNP,*,T,다신,*,*,*,*,*
다약족,0,0,0,NNP,*,T,다약족,*,*,*,*,*
단계실기,0,0,0,NNP,*,F,단계실기,*,*,*,*,*
단구첩록,0,0,0,NNP,*,T,단구첩록,*,*,*,*,*
단종실록,0,0,0,NNP,*,T,단종실록,*,*,*,*,*
달생비서,0,0,0,NNP,*,F,달생비서,*,*,*,*,*
담술,0,0,0,NNP,*,T,담술,*,*,*,*,*
담헌설총,0,0,0,NNP,*,T,담헌설총,*,*,*,*,*
담헌연기,0,0,0,NNP,*,F,담헌연기,*,*,*,*,*
당률소의,0,0,0,NNP,*,F,당률소의,*,*,*,*,*
당문수,0,0,0,NNP,*,F,당문수,*,*,*,*,*
당산의열록,0,0,0,NNP,*,T,당산의열록,*,*,*,*,*
당서,0,0,0,NNP,*,F,당서,*,*,*,*,*
당송시순,0,0,0,NNP,*,T,당송시순,*,*,*,*,*
당송팔대가문초,0,0,0,NNP,*,F,당송팔대가문초,*,*,*,*,*
당송팔자백선,0,0,0,NNP,*,T,당송팔자백선,*,*,*,*,*
당시선,0,0,0,NNP,*,T,당시선,*,*,*,*,*
당시품휘,0,0,0,NNP,*,F,당시품휘,*,*,*,*,*
당원,0,0,0,NNP,*,T,당원,*,*,*,*,*
당육전,0,0,0,NNP,*,T,당육전,*,*,*,*,*
당음,0,0,0,NNP,*,T,당음,*,*,*,*,*
당의통략,0,0,0,NNP,*,T,당의통략,*,*,*,*,*
당조명화록,0,0,0,NNP,*,T,당조명화록,*,*,*,*,*
당후일기,0,0,0,NNP,*,F,당후일기,*,*,*,*,*
대광익회옥편,0,0,0,NNP,*,T,대광익회옥편,*,*,*,*,*
대남식록,0,0,0,NNP,*,T,대남식록,*,*,*,*,*
대당서역구법고승전,0,0,0,NNP,*,T,대당서역구법고승전,*,*,*,*,*
대당서역기,0,0,0,NNP,*,F,대당서역기,*,*,*,*,*
대당신어,0,0,0,NNP,*,F,대당신어,*,*,*,*,*
대대례,0,0,0,NNP,*,F,대대례,*,*,*,*,*
대동금석서,0,0,0,NNP,*,F,대동금석서,*,*,*,*,*
대동금석첩,0,0,0,NNP,*,T,대동금석첩,*,*,*,*,*
대동기년,0,0,0,NNP,*,T,대동기년,*,*,*,*,*
대동기문,0,0,0,NNP,*,T,대동기문,*,*,*,*,*
대동문수,0,0,0,NNP,*,F,대동문수,*,*,*,*,*
대동서,0,0,0,NNP,*,F,대동서,*,*,*,*,*
대동야승,0,0,0,NNP,*,T,대동야승,*,*,*,*,*
대동운부군옥,0,0,0,NNP,*,T,대동운부군옥,*,*,*,*,*
대동지지,0,0,0,NNP,*,F,대동지지,*,*,*,*,*
대동패림,0,0,0,NNP,*,T,대동패림,*,*,*,*,*
대동풍아,0,0,0,NNP,*,F,대동풍아,*,*,*,*,*
대만번족,0,0,0,NNP,*,T,대만번족,*,*,*,*,*
대명령,0,0,0,NNP,*,T,대명령,*,*,*,*,*
대명률,0,0,0,NNP,*,T,대명률,*,*,*,*,*
대명률직해,0,0,0,NNP,*,F,대명률직해,*,*,*,*,*
대명실록,0,0,0,NNP,*,T,대명실록,*,*,*,*,*
대명일통지,0,0,0,NNP,*,F,대명일통지,*,*,*,*,*
대명회전,0,0,0,NNP,*,T,대명회전,*,*,*,*,*
대보적경,0,0,0,NNP,*,T,대보적경,*,*,*,*,*
대송승사략,0,0,0,NNP,*,T,대송승사략,*,*,*,*,*
대승장엄경론,0,0,0,NNP,*,T,대승장엄경론,*,*,*,*,*
대승장엄론,0,0,0,NNP,*,T,대승장엄론,*,*,*,*,*
대운경,0,0,0,NNP,*,T,대운경,*,*,*,*,*
대월사기전서,0,0,0,NNP,*,F,대월사기전서,*,*,*,*,*
대의정치론,0,0,0,NNP,*,T,대의정치론,*,*,*,*,*
대일경소,0,0,0,NNP,*,F,대일경소,*,*,*,*,*
대장법수,0,0,0,NNP,*,F,대장법수,*,*,*,*,*
대장엄경론,0,0,0,NNP,*,T,대장엄경론,*,*,*,*,*
대전속록,0,0,0,NNP,*,T,대전속록,*,*,*,*,*
대전통편,0,0,0,NNP,*,T,대전통편,*,*,*,*,*
대전회통,0,0,0,NNP,*,T,대전회통,*,*,*,*,*
대전후속록,0,0,0,NNP,*,T,대전후속록,*,*,*,*,*
대청일통여도,0,0,0,NNP,*,F,대청일통여도,*,*,*,*,*
대청일통지,0,0,0,NNP,*,F,대청일통지,*,*,*,*,*
대청회전,0,0,0,NNP,*,T,대청회전,*,*,*,*,*
대통만세력,0,0,0,NNP,*,T,대통만세력,*,*,*,*,*
대학,0,0,0,NNP,*,T,대학,*,*,*,*,*
대학언해,0,0,0,NNP,*,F,대학언해,*,*,*,*,*
대학연의,0,0,0,NNP,*,F,대학연의,*,*,*,*,*
대학연의보,0,0,0,NNP,*,F,대학연의보,*,*,*,*,*
대학연의집략,0,0,0,NNP,*,T,대학연의집략,*,*,*,*,*
대학율곡언해,0,0,0,NNP,*,F,대학율곡언해,*,*,*,*,*
대한강역고,0,0,0,NNP,*,F,대한강역고,*,*,*,*,*
대한계년사,0,0,0,NNP,*,F,대한계년사,*,*,*,*,*
대한문전,0,0,0,NNP,*,T,대한문전,*,*,*,*,*
대한민국임시정부수립기념일,0,0,0,NNP,*,T,대한민국임시정부수립기념일,*,*,*,*,*
대화엄수좌원통양중대사균여전,0,0,0,NNP,*,T,대화엄수좌원통양중대사균여전,*,*,*,*,*
도경,0,0,0,NNP,*,T,도경,*,*,*,*,*
도덕경,0,0,0,NNP,*,T,도덕경,*,*,*,*,*
도략,0,0,0,NNP,*,T,도략,*,*,*,*,*
도로고,0,0,0,NNP,*,F,도로고,*,*,*,*,*
도리고,0,0,0,NNP,*,F,도리고,*,*,*,*,*
도문대작,0,0,0,NNP,*,T,도문대작,*,*,*,*,*
도산가사,0,0,0,NNP,*,F,도산가사,*,*,*,*,*
도산급문제현록,0,0,0,NNP,*,T,도산급문제현록,*,*,*,*,*
도산기,0,0,0,NNP,*,F,도산기,*,*,*,*,*
도서과목병입사기,0,0,0,NNP,*,F,도서과목병입사기,*,*,*,*,*
도선비기,0,0,0,NNP,*,F,도선비기,*,*,*,*,*
도설,0,0,0,NNP,*,T,도설,*,*,*,*,*
도원기,0,0,0,NNP,*,F,도원기,*,*,*,*,*
도은집,0,0,0,NNP,*,T,도은집,*,*,*,*,*
도이지략,0,0,0,NNP,*,T,도이지략,*,*,*,*,*
도장,0,0,0,NNP,*,T,도장,*,*,*,*,*
도화견문지,0,0,0,NNP,*,F,도화견문지,*,*,*,*,*
도화원기,0,0,0,NNP,*,F,도화원기,*,*,*,*,*
도회보감,0,0,0,NNP,*,T,도회보감,*,*,*,*,*
독대설화,0,0,0,NNP,*,F,독대설화,*,*,*,*,*
독대연화,0,0,0,NNP,*,F,독대연화,*,*,*,*,*
독립운동,0,0,0,NNP,*,T,독립운동,*,*,*,*,*
독사방여기요,0,0,0,NNP,*,F,독사방여기요,*,*,*,*,*
독사차기,0,0,0,NNP,*,F,독사차기,*,*,*,*,*
독서민구기,0,0,0,NNP,*,F,독서민구기,*,*,*,*,*
독서주간,0,0,0,NNP,*,T,독서주간,*,*,*,*,*
독일국민에게고함,0,0,0,NNP,*,T,독일국민에게고함,*,*,*,*,*
독일론,0,0,0,NNP,*,T,독일론,*,*,*,*,*
독일이데올로기,0,0,0,NNP,*,F,독일이데올로기,*,*,*,*,*
독좌견문일기,0,0,0,NNP,*,F,독좌견문일기,*,*,*,*,*
동경대전해의,0,0,0,NNP,*,F,동경대전해의,*,*,*,*,*
동국명산기,0,0,0,NNP,*,F,동국명산기,*,*,*,*,*
동국문헌,0,0,0,NNP,*,T,동국문헌,*,*,*,*,*
동국문헌비고,0,0,0,NNP,*,F,동국문헌비고,*,*,*,*,*
동국문헌절요,0,0,0,NNP,*,F,동국문헌절요,*,*,*,*,*
동국병감,0,0,0,NNP,*,T,동국병감,*,*,*,*,*
동국사략,0,0,0,NNP,*,T,동국사략,*,*,*,*,*
동국세시기,0,0,0,NNP,*,F,동국세시기,*,*,*,*,*
동국시호,0,0,0,NNP,*,F,동국시호,*,*,*,*,*
동국시호고,0,0,0,NNP,*,F,동국시호고,*,*,*,*,*
동국신속삼강행실도,0,0,0,NNP,*,F,동국신속삼강행실도,*,*,*,*,*
동국약운,0,0,0,NNP,*,T,동국약운,*,*,*,*,*
동국여지승람,0,0,0,NNP,*,T,동국여지승람,*,*,*,*,*
동국이상국집,0,0,0,NNP,*,T,동국이상국집,*,*,*,*,*
동국정운,0,0,0,NNP,*,T,동국정운,*,*,*,*,*
동국지리지,0,0,0,NNP,*,F,동국지리지,*,*,*,*,*
동국통감,0,0,0,NNP,*,T,동국통감,*,*,*,*,*
동국통감제강,0,0,0,NNP,*,T,동국통감제강,*,*,*,*,*
동래박의,0,0,0,NNP,*,F,동래박의,*,*,*,*,*
동래선생교정북사상절,0,0,0,NNP,*,T,동래선생교정북사상절,*,*,*,*,*
동래접왜사목초,0,0,0,NNP,*,F,동래접왜사목초,*,*,*,*,*
동래좌씨박의,0,0,0,NNP,*,F,동래좌씨박의,*,*,*,*,*
동명사제,0,0,0,NNP,*,F,동명사제,*,*,*,*,*
동몽선습,0,0,0,NNP,*,T,동몽선습,*,*,*,*,*
동몽선습언해,0,0,0,NNP,*,F,동몽선습언해,*,*,*,*,*
동문수,0,0,0,NNP,*,F,동문수,*,*,*,*,*
동문유해,0,0,0,NNP,*,F,동문유해,*,*,*,*,*
동문자모분해,0,0,0,NNP,*,F,동문자모분해,*,*,*,*,*
동문휘고,0,0,0,NNP,*,F,동문휘고,*,*,*,*,*
동물기,0,0,0,NNP,*,F,동물기,*,*,*,*,*
동물철학,0,0,0,NNP,*,T,동물철학,*,*,*,*,*
동방견문록,0,0,0,NNP,*,T,동방견문록,*,*,*,*,*
동사강목,0,0,0,NNP,*,T,동사강목,*,*,*,*,*
동사보유,0,0,0,NNP,*,F,동사보유,*,*,*,*,*
동사연표,0,0,0,NNP,*,F,동사연표,*,*,*,*,*
동사찬요,0,0,0,NNP,*,F,동사찬요,*,*,*,*,*
동사회강,0,0,0,NNP,*,T,동사회강,*,*,*,*,*
동서상,0,0,0,NNP,*,T,동서상,*,*,*,*,*
동성고,0,0,0,NNP,*,F,동성고,*,*,*,*,*
동안거사문집,0,0,0,NNP,*,T,동안거사문집,*,*,*,*,*
동양견문록,0,0,0,NNP,*,T,동양견문록,*,*,*,*,*
동여기략,0,0,0,NNP,*,T,동여기략,*,*,*,*,*
동음집,0,0,0,NNP,*,T,동음집,*,*,*,*,*
동의보감,0,0,0,NNP,*,T,동의보감,*,*,*,*,*
동의수세보원,0,0,0,NNP,*,T,동의수세보원,*,*,*,*,*
동인,0,0,0,NNP,*,T,동인,*,*,*,*,*
동인경,0,0,0,NNP,*,T,동인경,*,*,*,*,*
동화록,0,0,0,NNP,*,T,동화록,*,*,*,*,*
두개의우주체계에관한대화,0,0,0,NNP,*,F,두개의우주체계에관한대화,*,*,*,*,*
두류지,0,0,0,NNP,*,F,두류지,*,*,*,*,*
두문동실기,0,0,0,NNP,*,F,두문동실기,*,*,*,*,*
두시비해,0,0,0,NNP,*,F,두시비해,*,*,*,*,*
두시언해,0,0,0,NNP,*,F,두시언해,*,*,*,*,*
두창경험방,0,0,0,NNP,*,T,두창경험방,*,*,*,*,*
두창집요,0,0,0,NNP,*,F,두창집요,*,*,*,*,*
드라비다족,0,0,0,NNP,*,T,드라비다족,*,*,*,*,*
득효방,0,0,0,NNP,*,T,득효방,*,*,*,*,*
디나르인종,0,0,0,NNP,*,T,디나르인종,*,*,*,*,*
디바가시옹,0,0,0,NNP,*,T,디바가시옹,*,*,*,*,*
디즈니랜드,0,0,0,NNP,*,F,디즈니랜드,*,*,*,*,*
라루스백과사전,0,0,0,NNP,*,T,라루스백과사전,*,*,*,*,*
라루스사전,0,0,0,NNP,*,T,라루스사전,*,*,*,*,*
라마르세예즈,0,0,0,NNP,*,F,라마르세예즈,*,*,*,*,*
라무트족,0,0,0,NNP,*,T,라무트족,*,*,*,*,*
라오스인,0,0,0,NNP,*,T,라오스인,*,*,*,*,*
라오콘,0,0,0,NNP,*,T,라오콘,*,*,*,*,*
라지푸트족,0,0,0,NNP,*,T,라지푸트족,*,*,*,*,*
라틴민족,0,0,0,NNP,*,T,라틴민족,*,*,*,*,*
라틴족,0,0,0,NNP,*,T,라틴족,*,*,*,*,*
라프족,0,0,0,NNP,*,T,라프족,*,*,*,*,*
라플란드인,0,0,0,NNP,*,T,라플란드인,*,*,*,*,*
런던동물공원,0,0,0,NNP,*,T,런던동물공원,*,*,*,*,*
런던동물원,0,0,0,NNP,*,T,런던동물원,*,*,*,*,*
레드데이터북,0,0,0,NNP,*,T,레드데이터북,*,*,*,*,*
레트인,0,0,0,NNP,*,T,레트인,*,*,*,*,*
렙차족,0,0,0,NNP,*,T,렙차족,*,*,*,*,*
례전,0,0,0,NNP,*,T,례전,*,*,*,*,*
로동절,0,0,0,NNP,*,T,로동절,*,*,*,*,*
로마법대전,0,0,0,NNP,*,T,로마법대전,*,*,*,*,*
로마법의정신,0,0,0,NNP,*,T,로마법의정신,*,*,*,*,*
로마법전,0,0,0,NNP,*,T,로마법전,*,*,*,*,*
로마인,0,0,0,NNP,*,T,로마인,*,*,*,*,*
로마제국쇠망사,0,0,0,NNP,*,F,로마제국쇠망사,*,*,*,*,*
로마클럽,0,0,0,NNP,*,T,로마클럽,*,*,*,*,*
로만족,0,0,0,NNP,*,T,로만족,*,*,*,*,*
로망족,0,0,0,NNP,*,T,로망족,*,*,*,*,*
로스차일드가,0,0,0,NNP,*,F,로스차일드가,*,*,*,*,*
로열소사이어티,0,0,0,NNP,*,F,로열소사이어티,*,*,*,*,*
로열인스티튜션,0,0,0,NNP,*,T,로열인스티튜션,*,*,*,*,*
로힐라족,0,0,0,NNP,*,T,로힐라족,*,*,*,*,*
루쉰잡감선집,0,0,0,NNP,*,T,루쉰잡감선집,*,*,*,*,*
륙경,0,0,0,NNP,*,T,륙경,*,*,*,*,*
르네,0,0,0,NNP,*,F,르네,*,*,*,*,*
리바이어던,0,0,0,NNP,*,T,리바이어던,*,*,*,*,*
리우데자네이루식물원,0,0,0,NNP,*,T,리우데자네이루식물원,*,*,*,*,*
리조실록,0,0,0,NNP,*,T,리조실록,*,*,*,*,*
리프족,0,0,0,NNP,*,T,리프족,*,*,*,*,*
린드파피루스,0,0,0,NNP,*,F,린드파피루스,*,*,*,*,*
링컨동물원,0,0,0,NNP,*,T,링컨동물원,*,*,*,*,*
마경언해,0,0,0,NNP,*,F,마경언해,*,*,*,*,*
마경초집언해,0,0,0,NNP,*,F,마경초집언해,*,*,*,*,*
마과회통,0,0,0,NNP,*,T,마과회통,*,*,*,*,*
마라타족,0,0,0,NNP,*,T,마라타족,*,*,*,*,*
마래인,0,0,0,NNP,*,T,마래인,*,*,*,*,*
마르세예즈,0,0,0,NNP,*,F,마르세예즈,*,*,*,*,*
마사,0,0,0,NNP,*,F,마사,*,*,*,*,*
마상당음,0,0,0,NNP,*,T,마상당음,*,*,*,*,*
마씨문통,0,0,0,NNP,*,T,마씨문통,*,*,*,*,*
마야,0,0,0,NNP,*,F,마야,*,*,*,*,*
마야족,0,0,0,NNP,*,T,마야족,*,*,*,*,*
마오쩌둥어록,0,0,0,NNP,*,T,마오쩌둥어록,*,*,*,*,*
마이어백과사전,0,0,0,NNP,*,T,마이어백과사전,*,*,*,*,*
마자르인,0,0,0,NNP,*,T,마자르인,*,*,*,*,*
마자르족,0,0,0,NNP,*,T,마자르족,*,*,*,*,*
막스플랑크협회,0,0,0,NNP,*,F,막스플랑크협회,*,*,*,*,*
만기요람,0,0,0,NNP,*,T,만기요람,*,*,*,*,*
만성보,0,0,0,NNP,*,F,만성보,*,*,*,*,*
만우재집,0,0,0,NNP,*,T,만우재집,*,*,*,*,*
만주원류고,0,0,0,NNP,*,F,만주원류고,*,*,*,*,*
만주족,0,0,0,NNP,*,T,만주족,*,*,*,*,*
말라가시족,0,0,0,NNP,*,T,말라가시족,*,*,*,*,*
말라야인,0,0,0,NNP,*,T,말라야인,*,*,*,*,*
말레이인,0,0,0,NNP,*,T,말레이인,*,*,*,*,*
말의소리,0,0,0,NNP,*,F,말의소리,*,*,*,*,*
망향의동산,0,0,0,NNP,*,T,망향의동산,*,*,*,*,*
매호유고,0,0,0,NNP,*,F,매호유고,*,*,*,*,*
맥경,0,0,0,NNP,*,T,맥경,*,*,*,*,*
맹자,0,0,0,NNP,*,F,맹자,*,*,*,*,*
맹자언해,0,0,0,NNP,*,F,맹자언해,*,*,*,*,*
맹자요의,0,0,0,NNP,*,F,맹자요의,*,*,*,*,*
맹자정음,0,0,0,NNP,*,T,맹자정음,*,*,*,*,*
메데,0,0,0,NNP,*,F,메데,*,*,*,*,*
메디치가,0,0,0,NNP,*,F,메디치가,*,*,*,*,*
메이데이,0,0,0,NNP,*,F,메이데이,*,*,*,*,*
멜라네시아인,0,0,0,NNP,*,T,멜라네시아인,*,*,*,*,*
면앙집,0,0,0,NNP,*,T,면앙집,*,*,*,*,*
명감,0,0,0,NNP,*,T,명감,*,*,*,*,*
명률,0,0,0,NNP,*,T,명률,*,*,*,*,*
명사,0,0,0,NNP,*,F,명사,*,*,*,*,*
명사고,0,0,0,NNP,*,F,명사고,*,*,*,*,*
명사기사본말,0,0,0,NNP,*,T,명사기사본말,*,*,*,*,*
명상록,0,0,0,NNP,*,T,명상록,*,*,*,*,*
명승집설,0,0,0,NNP,*,T,명승집설,*,*,*,*,*
명신록,0,0,0,NNP,*,T,명신록,*,*,*,*,*
명신언행록,0,0,0,NNP,*,T,명신언행록,*,*,*,*,*
명신지장집략,0,0,0,NNP,*,T,명신지장집략,*,*,*,*,*
명심보감,0,0,0,NNP,*,T,명심보감,*,*,*,*,*
명유학안,0,0,0,NNP,*,T,명유학안,*,*,*,*,*
명의록,0,0,0,NNP,*,T,명의록,*,*,*,*,*
명의록언해,0,0,0,NNP,*,F,명의록언해,*,*,*,*,*
명이대방록,0,0,0,NNP,*,T,명이대방록,*,*,*,*,*
명인호보,0,0,0,NNP,*,F,명인호보,*,*,*,*,*
명장한찰,0,0,0,NNP,*,T,명장한찰,*,*,*,*,*
명종실록,0,0,0,NNP,*,T,명종실록,*,*,*,*,*
명화록,0,0,0,NNP,*,T,명화록,*,*,*,*,*
명황계감언해,0,0,0,NNP,*,F,명황계감언해,*,*,*,*,*
모순론,0,0,0,NNP,*,T,모순론,*,*,*,*,*
모시,0,0,0,NNP,*,F,모시,*,*,*,*,*
모아브인,0,0,0,NNP,*,T,모아브인,*,*,*,*,*
모이제족,0,0,0,NNP,*,T,모이제족,*,*,*,*,*
모이족,0,0,0,NNP,*,T,모이족,*,*,*,*,*
모택동어록,0,0,0,NNP,*,T,모택동어록,*,*,*,*,*
모프르,0,0,0,NNP,*,F,모프르,*,*,*,*,*
모훈집요,0,0,0,NNP,*,F,모훈집요,*,*,*,*,*
모히칸족,0,0,0,NNP,*,T,모히칸족,*,*,*,*,*
목릉신한첩,0,0,0,NNP,*,T,목릉신한첩,*,*,*,*,*
목민심서,0,0,0,NNP,*,F,목민심서,*,*,*,*,*
목우자수심결,0,0,0,NNP,*,T,목우자수심결,*,*,*,*,*
목은집,0,0,0,NNP,*,T,목은집,*,*,*,*,*
몬ㆍ크메르족,0,0,0,NNP,*,T,몬ㆍ크메르족,*,*,*,*,*
몽계필담,0,0,0,NNP,*,T,몽계필담,*,*,*,*,*
몽고원류,0,0,0,NNP,*,F,몽고원류,*,*,*,*,*
몽고인종,0,0,0,NNP,*,T,몽고인종,*,*,*,*,*
몽고족,0,0,0,NNP,*,T,몽고족,*,*,*,*,*
몽골로이드,0,0,0,NNP,*,F,몽골로이드,*,*,*,*,*
몽구,0,0,0,NNP,*,F,몽구,*,*,*,*,*
몽산화상법어약록언해,0,0,0,NNP,*,F,몽산화상법어약록언해,*,*,*,*,*
몽어노걸대,0,0,0,NNP,*,F,몽어노걸대,*,*,*,*,*
몽어유해,0,0,0,NNP,*,F,몽어유해,*,*,*,*,*
몽어유해보편,0,0,0,NNP,*,T,몽어유해보편,*,*,*,*,*
묘법연화경언해,0,0,0,NNP,*,F,묘법연화경언해,*,*,*,*,*
묘족,0,0,0,NNP,*,T,묘족,*,*,*,*,*
무경총요,0,0,0,NNP,*,F,무경총요,*,*,*,*,*
무경칠서,0,0,0,NNP,*,F,무경칠서,*,*,*,*,*
무량수경론,0,0,0,NNP,*,T,무량수경론,*,*,*,*,*
무문관,0,0,0,NNP,*,T,무문관,*,*,*,*,*
무스코기족,0,0,0,NNP,*,T,무스코기족,*,*,*,*,*
무역의날,0,0,0,NNP,*,T,무역의날,*,*,*,*,*
무영전본,0,0,0,NNP,*,T,무영전본,*,*,*,*,*
무예도보통지,0,0,0,NNP,*,F,무예도보통지,*,*,*,*,*
무예도보통지언해,0,0,0,NNP,*,F,무예도보통지언해,*,*,*,*,*
무오연행록,0,0,0,NNP,*,T,무오연행록,*,*,*,*,*
무원록,0,0,0,NNP,*,T,무원록,*,*,*,*,*
무의식의철학,0,0,0,NNP,*,T,무의식의철학,*,*,*,*,*
무의식의환상,0,0,0,NNP,*,T,무의식의환상,*,*,*,*,*
무재록,0,0,0,NNP,*,T,무재록,*,*,*,*,*
무정부주의,0,0,0,NNP,*,F,무정부주의,*,*,*,*,*
무학칠서,0,0,0,NNP,*,F,무학칠서,*,*,*,*,*
무한의패러독스,0,0,0,NNP,*,F,무한의패러독스,*,*,*,*,*
묵자,0,0,0,NNP,*,F,묵자,*,*,*,*,*
문공가례,0,0,0,NNP,*,F,문공가례,*,*,*,*,*
문다족,0,0,0,NNP,*,T,문다족,*,*,*,*,*
문법의철학,0,0,0,NNP,*,T,문법의철학,*,*,*,*,*
문사통의,0,0,0,NNP,*,F,문사통의,*,*,*,*,*
문선,0,0,0,NNP,*,T,문선,*,*,*,*,*
문심조룡,0,0,0,NNP,*,T,문심조룡,*,*,*,*,*
문예강화,0,0,0,NNP,*,F,문예강화,*,*,*,*,*
문예부흥,0,0,0,NNP,*,T,문예부흥,*,*,*,*,*
문원대방,0,0,0,NNP,*,T,문원대방,*,*,*,*,*
문원보불,0,0,0,NNP,*,T,문원보불,*,*,*,*,*
문종실록,0,0,0,NNP,*,T,문종실록,*,*,*,*,*
문중자,0,0,0,NNP,*,F,문중자,*,*,*,*,*
문체명변,0,0,0,NNP,*,T,문체명변,*,*,*,*,*
문헌비고,0,0,0,NNP,*,F,문헌비고,*,*,*,*,*
문헌수록,0,0,0,NNP,*,T,문헌수록,*,*,*,*,*
문헌통고,0,0,0,NNP,*,F,문헌통고,*,*,*,*,*
문형록,0,0,0,NNP,*,T,문형록,*,*,*,*,*
문화사대계,0,0,0,NNP,*,F,문화사대계,*,*,*,*,*
문화사의길,0,0,0,NNP,*,T,문화사의길,*,*,*,*,*
문화사회학으로서의문화사,0,0,0,NNP,*,F,문화사회학으로서의문화사,*,*,*,*,*
문화의날,0,0,0,NNP,*,T,문화의날,*,*,*,*,*
문화의달,0,0,0,NNP,*,T,문화의달,*,*,*,*,*
문화의유형,0,0,0,NNP,*,T,문화의유형,*,*,*,*,*
물리적게슈탈트,0,0,0,NNP,*,F,물리적게슈탈트,*,*,*,*,*
물리학의발전,0,0,0,NNP,*,T,물리학의발전,*,*,*,*,*
물명고,0,0,0,NNP,*,F,물명고,*,*,*,*,*
물명유고,0,0,0,NNP,*,F,물명유고,*,*,*,*,*
물보,0,0,0,NNP,*,F,물보,*,*,*,*,*
미국의민주주의,0,0,0,NNP,*,F,미국의민주주의,*,*,*,*,*
미낭카바우족,0,0,0,NNP,*,T,미낭카바우족,*,*,*,*,*
미스텍족,0,0,0,NNP,*,T,미스텍족,*,*,*,*,*
미암일기,0,0,0,NNP,*,F,미암일기,*,*,*,*,*
미크로네시아족,0,0,0,NNP,*,T,미크로네시아족,*,*,*,*,*
미타참절요,0,0,0,NNP,*,F,미타참절요,*,*,*,*,*
민방위의날,0,0,0,NNP,*,T,민방위의날,*,*,*,*,*
민족심리학,0,0,0,NNP,*,T,민족심리학,*,*,*,*,*
민주주의와교육,0,0,0,NNP,*,T,민주주의와교육,*,*,*,*,*
바다의날,0,0,0,NNP,*,T,바다의날,*,*,*,*,*
바로체족,0,0,0,NNP,*,T,바로체족,*,*,*,*,*
바스크족,0,0,0,NNP,*,T,바스크족,*,*,*,*,*
바실리카,0,0,0,NNP,*,F,바실리카,*,*,*,*,*
바탁족,0,0,0,NNP,*,T,바탁족,*,*,*,*,*
박물지,0,0,0,NNP,*,F,박물지,*,*,*,*,*
박정자유고,0,0,0,NNP,*,F,박정자유고,*,*,*,*,*
박통사신석언해,0,0,0,NNP,*,F,박통사신석언해,*,*,*,*,*
박통사언해,0,0,0,NNP,*,F,박통사언해,*,*,*,*,*
박학편,0,0,0,NNP,*,T,박학편,*,*,*,*,*
반계수록,0,0,0,NNP,*,T,반계수록,*,*,*,*,*
반뒤링론,0,0,0,NNP,*,T,반뒤링론,*,*,*,*,*
반마키아벨리론,0,0,0,NNP,*,T,반마키아벨리론,*,*,*,*,*
반사,0,0,0,NNP,*,F,반사,*,*,*,*,*
반야심경언해,0,0,0,NNP,*,F,반야심경언해,*,*,*,*,*
반항적인간,0,0,0,NNP,*,T,반항적인간,*,*,*,*,*
발명의날,0,0,0,NNP,*,T,발명의날,*,*,*,*,*
발심수행장,0,0,0,NNP,*,T,발심수행장,*,*,*,*,*
방례초본,0,0,0,NNP,*,T,방례초본,*,*,*,*,*
방목,0,0,0,NNP,*,T,방목,*,*,*,*,*
방법서설,0,0,0,NNP,*,T,방법서설,*,*,*,*,*
방송의날,0,0,0,NNP,*,T,방송의날,*,*,*,*,*
방송절,0,0,0,NNP,*,T,방송절,*,*,*,*,*
방약합편,0,0,0,NNP,*,T,방약합편,*,*,*,*,*
방언,0,0,0,NNP,*,T,방언,*,*,*,*,*
방언집석,0,0,0,NNP,*,T,방언집석,*,*,*,*,*
방희편,0,0,0,NNP,*,T,방희편,*,*,*,*,*
배자예부운략,0,0,0,NNP,*,T,배자예부운략,*,*,*,*,*
배텔연구소,0,0,0,NNP,*,F,배텔연구소,*,*,*,*,*
백과전서,0,0,0,NNP,*,F,백과전서,*,*,*,*,*
백등록,0,0,0,NNP,*,T,백등록,*,*,*,*,*
백련초해,0,0,0,NNP,*,F,백련초해,*,*,*,*,*
백색인종,0,0,0,NNP,*,T,백색인종,*,*,*,*,*
백석인종,0,0,0,NNP,*,T,백석인종,*,*,*,*,*
백수문,0,0,0,NNP,*,T,백수문,*,*,*,*,*
백인종,0,0,0,NNP,*,T,백인종,*,*,*,*,*
백자전서,0,0,0,NNP,*,F,백자전서,*,*,*,*,*
백제고기,0,0,0,NNP,*,F,백제고기,*,*,*,*,*
백제신집방,0,0,0,NNP,*,T,백제신집방,*,*,*,*,*
백제왕본계,0,0,0,NNP,*,F,백제왕본계,*,*,*,*,*
백조,0,0,0,NNP,*,F,백조,*,*,*,*,*
백천학해,0,0,0,NNP,*,F,백천학해,*,*,*,*,*
백호통,0,0,0,NNP,*,T,백호통,*,*,*,*,*
백호통의,0,0,0,NNP,*,F,백호통의,*,*,*,*,*
버마인,0,0,0,NNP,*,T,버마인,*,*,*,*,*
번역명의집,0,0,0,NNP,*,T,번역명의집,*,*,*,*,*
번역소학,0,0,0,NNP,*,T,번역소학,*,*,*,*,*
번인,0,0,0,NNP,*,T,번인,*,*,*,*,*
번족,0,0,0,NNP,*,T,번족,*,*,*,*,*
범우고,0,0,0,NNP,*,F,범우고,*,*,*,*,*
범음족파,0,0,0,NNP,*,F,범음족파,*,*,*,*,*
범음종보,0,0,0,NNP,*,F,범음종보,*,*,*,*,*
범죄와형벌,0,0,0,NNP,*,T,범죄와형벌,*,*,*,*,*
범학전편,0,0,0,NNP,*,T,범학전편,*,*,*,*,*
법경,0,0,0,NNP,*,T,법경,*,*,*,*,*
법과헌법,0,0,0,NNP,*,T,법과헌법,*,*,*,*,*
법사회학,0,0,0,NNP,*,T,법사회학,*,*,*,*,*
법서요록,0,0,0,NNP,*,T,법서요록,*,*,*,*,*
법어언해,0,0,0,NNP,*,F,법어언해,*,*,*,*,*
법언,0,0,0,NNP,*,T,법언,*,*,*,*,*
법원주림,0,0,0,NNP,*,T,법원주림,*,*,*,*,*
법의날,0,0,0,NNP,*,T,법의날,*,*,*,*,*
법의목적,0,0,0,NNP,*,T,법의목적,*,*,*,*,*
법의정신,0,0,0,NNP,*,T,법의정신,*,*,*,*,*
법철학,0,0,0,NNP,*,T,법철학,*,*,*,*,*
법치국가론,0,0,0,NNP,*,T,법치국가론,*,*,*,*,*
법학제요,0,0,0,NNP,*,F,법학제요,*,*,*,*,*
법학협회잡지,0,0,0,NNP,*,F,법학협회잡지,*,*,*,*,*
법한자전,0,0,0,NNP,*,T,법한자전,*,*,*,*,*
법현전,0,0,0,NNP,*,T,법현전,*,*,*,*,*
법화경언해,0,0,0,NNP,*,F,법화경언해,*,*,*,*,*
법화경종요,0,0,0,NNP,*,F,법화경종요,*,*,*,*,*
법화현의,0,0,0,NNP,*,F,법화현의,*,*,*,*,*
베다족,0,0,0,NNP,*,T,베다족,*,*,*,*,*
베데커,0,0,0,NNP,*,F,베데커,*,*,*,*,*
베르베르족,0,0,0,NNP,*,T,베르베르족,*,*,*,*,*
벵골인,0,0,0,NNP,*,T,벵골인,*,*,*,*,*
벽경,0,0,0,NNP,*,T,벽경,*,*,*,*,*
벽온신방,0,0,0,NNP,*,T,벽온신방,*,*,*,*,*
벽위편,0,0,0,NNP,*,T,벽위편,*,*,*,*,*
벽중서,0,0,0,NNP,*,F,벽중서,*,*,*,*,*
별국방언,0,0,0,NNP,*,T,별국방언,*,*,*,*,*
별록,0,0,0,NNP,*,T,별록,*,*,*,*,*
병경,0,0,0,NNP,*,T,병경,*,*,*,*,*
병자록,0,0,0,NNP,*,T,병자록,*,*,*,*,*
병자호란창의록,0,0,0,NNP,*,T,병자호란창의록,*,*,*,*,*
병장도설,0,0,0,NNP,*,T,병장도설,*,*,*,*,*
병장설,0,0,0,NNP,*,T,병장설,*,*,*,*,*
병학지남,0,0,0,NNP,*,T,병학지남,*,*,*,*,*
병학통,0,0,0,NNP,*,T,병학통,*,*,*,*,*
보건의날,0,0,0,NNP,*,T,보건의날,*,*,*,*,*
보굴족,0,0,0,NNP,*,T,보굴족,*,*,*,*,*
보권염불문,0,0,0,NNP,*,T,보권염불문,*,*,*,*,*
보나파르트가,0,0,0,NNP,*,F,보나파르트가,*,*,*,*,*
보도족,0,0,0,NNP,*,T,보도족,*,*,*,*,*
보르게세가,0,0,0,NNP,*,F,보르게세가,*,*,*,*,*
보르자가,0,0,0,NNP,*,F,보르자가,*,*,*,*,*
보만재집,0,0,0,NNP,*,T,보만재집,*,*,*,*,*
보민편,0,0,0,NNP,*,T,보민편,*,*,*,*,*
보어,0,0,0,NNP,*,F,보어,*,*,*,*,*
보적경,0,0,0,NNP,*,T,보적경,*,*,*,*,*
보조법어,0,0,0,NNP,*,F,보조법어,*,*,*,*,*
보탸크족,0,0,0,NNP,*,T,보탸크족,*,*,*,*,*
보토쿠도,0,0,0,NNP,*,F,보토쿠도,*,*,*,*,*
보필전서,0,0,0,NNP,*,F,보필전서,*,*,*,*,*
복로,0,0,0,NNP,*,F,복로,*,*,*,*,*
복성서,0,0,0,NNP,*,F,복성서,*,*,*,*,*
본초강목,0,0,0,NNP,*,T,본초강목,*,*,*,*,*
본초류함,0,0,0,NNP,*,T,본초류함,*,*,*,*,*
본행집경,0,0,0,NNP,*,T,본행집경,*,*,*,*,*
봉고족,0,0,0,NNP,*,T,봉고족,*,*,*,*,*
부국론,0,0,0,NNP,*,T,부국론,*,*,*,*,*
부기족,0,0,0,NNP,*,T,부기족,*,*,*,*,*
부녀필지,0,0,0,NNP,*,F,부녀필지,*,*,*,*,*
부눈족,0,0,0,NNP,*,T,부눈족,*,*,*,*,*
부랴트족,0,0,0,NNP,*,T,부랴트족,*,*,*,*,*
부모은중경언해,0,0,0,NNP,*,F,부모은중경언해,*,*,*,*,*
부부의날,0,0,0,NNP,*,T,부부의날,*,*,*,*,*
부사,0,0,0,NNP,*,F,부사,*,*,*,*,*
부생육기,0,0,0,NNP,*,F,부생육기,*,*,*,*,*
부시먼,0,0,0,NNP,*,T,부시먼,*,*,*,*,*
부인론,0,0,0,NNP,*,T,부인론,*,*,*,*,*
부인필지,0,0,0,NNP,*,F,부인필지,*,*,*,*,*
부자,0,0,0,NNP,*,F,부자,*,*,*,*,*
부처님오신날,0,0,0,NNP,*,T,부처님오신날,*,*,*,*,*
북관지,0,0,0,NNP,*,F,북관지,*,*,*,*,*
북궐도,0,0,0,NNP,*,F,북궐도,*,*,*,*,*
북극비행,0,0,0,NNP,*,T,북극비행,*,*,*,*,*
북당서초,0,0,0,NNP,*,F,북당서초,*,*,*,*,*
북방인종,0,0,0,NNP,*,T,북방인종,*,*,*,*,*
북사,0,0,0,NNP,*,F,북사,*,*,*,*,*
북새기략,0,0,0,NNP,*,T,북새기략,*,*,*,*,*
북서해안인디언,0,0,0,NNP,*,T,북서해안인디언,*,*,*,*,*
북위서,0,0,0,NNP,*,F,북위서,*,*,*,*,*
북정록,0,0,0,NNP,*,T,북정록,*,*,*,*,*
북정일기,0,0,0,NNP,*,F,북정일기,*,*,*,*,*
북제서,0,0,0,NNP,*,F,북제서,*,*,*,*,*
북주서,0,0,0,NNP,*,F,북주서,*,*,*,*,*
북학의,0,0,0,NNP,*,F,북학의,*,*,*,*,*
북한지,0,0,0,NNP,*,F,북한지,*,*,*,*,*
분류두공부시언해,0,0,0,NNP,*,F,분류두공부시언해,*,*,*,*,*
분문온역이해방,0,0,0,NNP,*,T,분문온역이해방,*,*,*,*,*
불국기,0,0,0,NNP,*,F,불국기,*,*,*,*,*
불랑기족,0,0,0,NNP,*,T,불랑기족,*,*,*,*,*
불명경,0,0,0,NNP,*,T,불명경,*,*,*,*,*
불본행집경,0,0,0,NNP,*,T,불본행집경,*,*,*,*,*
불생,0,0,0,NNP,*,T,불생,*,*,*,*,*
불생일,0,0,0,NNP,*,T,불생일,*,*,*,*,*
불설광본대세경,0,0,0,NNP,*,T,불설광본대세경,*,*,*,*,*
불우헌집,0,0,0,NNP,*,T,불우헌집,*,*,*,*,*
불일,0,0,0,NNP,*,T,불일,*,*,*,*,*
불정심경언해,0,0,0,NNP,*,F,불정심경언해,*,*,*,*,*
불정심다라니경언해,0,0,0,NNP,*,F,불정심다라니경언해,*,*,*,*,*
불조통기,0,0,0,NNP,*,F,불조통기,*,*,*,*,*
불탄일,0,0,0,NNP,*,T,불탄일,*,*,*,*,*
불탄절,0,0,0,NNP,*,T,불탄절,*,*,*,*,*
붉은저고리,0,0,0,NNP,*,F,붉은저고리,*,*,*,*,*
브로크하우스백과사전,0,0,0,NNP,*,T,브로크하우스백과사전,*,*,*,*,*
브리태니커백과사전,0,0,0,NNP,*,T,브리태니커백과사전,*,*,*,*,*
브리턴족,0,0,0,NNP,*,T,브리턴족,*,*,*,*,*
브리하트카타,0,0,0,NNP,*,F,브리하트카타,*,*,*,*,*
비국등록,0,0,0,NNP,*,T,비국등록,*,*,*,*,*
비극의탄생,0,0,0,NNP,*,T,비극의탄생,*,*,*,*,*
비글호항해기,0,0,0,NNP,*,F,비글호항해기,*,*,*,*,*
비밀교,0,0,0,NNP,*,F,비밀교,*,*,*,*,*
비변사등록,0,0,0,NNP,*,T,비변사등록,*,*,*,*,*
비비에나,0,0,0,NNP,*,F,비비에나,*,*,*,*,*
비사야족,0,0,0,NNP,*,T,비사야족,*,*,*,*,*
비서감일기,0,0,0,NNP,*,F,비서감일기,*,*,*,*,*
비평의기능,0,0,0,NNP,*,T,비평의기능,*,*,*,*,*
비하르인,0,0,0,NNP,*,T,비하르인,*,*,*,*,*
빅벤,0,0,0,NNP,*,T,빅벤,*,*,*,*,*
사경,0,0,0,NNP,*,T,사경,*,*,*,*,*
사계유고,0,0,0,NNP,*,F,사계유고,*,*,*,*,*
사고전서,0,0,0,NNP,*,F,사고전서,*,*,*,*,*
사고전서간명목록,0,0,0,NNP,*,T,사고전서간명목록,*,*,*,*,*
사고전서총목제요,0,0,0,NNP,*,F,사고전서총목제요,*,*,*,*,*
사과지남,0,0,0,NNP,*,T,사과지남,*,*,*,*,*
사군지,0,0,0,NNP,*,F,사군지,*,*,*,*,*
사기,0,0,0,NNP,*,F,사기,*,*,*,*,*
사랑과교도의서간,0,0,0,NNP,*,T,사랑과교도의서간,*,*,*,*,*
사략언해,0,0,0,NNP,*,F,사략언해,*,*,*,*,*
사례편람,0,0,0,NNP,*,T,사례편람,*,*,*,*,*
사례훈몽,0,0,0,NNP,*,T,사례훈몽,*,*,*,*,*
사르트,0,0,0,NNP,*,F,사르트,*,*,*,*,*
사르트족,0,0,0,NNP,*,T,사르트족,*,*,*,*,*
사모디족,0,0,0,NNP,*,T,사모디족,*,*,*,*,*
사모예드족,0,0,0,NNP,*,T,사모예드족,*,*,*,*,*
사무엘서,0,0,0,NNP,*,F,사무엘서,*,*,*,*,*
사문유취,0,0,0,NNP,*,F,사문유취,*,*,*,*,*
사물기원,0,0,0,NNP,*,T,사물기원,*,*,*,*,*
사민월령,0,0,0,NNP,*,T,사민월령,*,*,*,*,*
사민필지,0,0,0,NNP,*,F,사민필지,*,*,*,*,*
사법어,0,0,0,NNP,*,F,사법어,*,*,*,*,*
사변록,0,0,0,NNP,*,T,사변록,*,*,*,*,*
사부,0,0,0,NNP,*,F,사부,*,*,*,*,*
사부서,0,0,0,NNP,*,F,사부서,*,*,*,*,*
사부총간,0,0,0,NNP,*,T,사부총간,*,*,*,*,*
사분율,0,0,0,NNP,*,T,사분율,*,*,*,*,*
사사,0,0,0,NNP,*,F,사사,*,*,*,*,*
사상과언어,0,0,0,NNP,*,F,사상과언어,*,*,*,*,*
사상과행위로서의역사,0,0,0,NNP,*,F,사상과행위로서의역사,*,*,*,*,*
사색과회상,0,0,0,NNP,*,T,사색과회상,*,*,*,*,*
사서오경음해,0,0,0,NNP,*,F,사서오경음해,*,*,*,*,*
사서율곡언해,0,0,0,NNP,*,F,사서율곡언해,*,*,*,*,*
사서장구집주,0,0,0,NNP,*,F,사서장구집주,*,*,*,*,*
사성통고,0,0,0,NNP,*,F,사성통고,*,*,*,*,*
사성통해,0,0,0,NNP,*,F,사성통해,*,*,*,*,*
사송유취,0,0,0,NNP,*,F,사송유취,*,*,*,*,*
사시찬요,0,0,0,NNP,*,F,사시찬요,*,*,*,*,*
사십이장경,0,0,0,NNP,*,T,사십이장경,*,*,*,*,*
사암경집,0,0,0,NNP,*,T,사암경집,*,*,*,*,*
사원,0,0,0,NNP,*,T,사원,*,*,*,*,*
사의경험방,0,0,0,NNP,*,T,사의경험방,*,*,*,*,*
사의조선책략,0,0,0,NNP,*,T,사의조선책략,*,*,*,*,*
사이버네틱스,0,0,0,NNP,*,F,사이버네틱스,*,*,*,*,*
사이시야트족,0,0,0,NNP,*,T,사이시야트족,*,*,*,*,*
사일구혁명기념일,0,0,0,NNP,*,T,사일구혁명기념일,*,*,*,*,*
사조보감,0,0,0,NNP,*,T,사조보감,*,*,*,*,*
사주편,0,0,0,NNP,*,T,사주편,*,*,*,*,*
사카이족,0,0,0,NNP,*,T,사카이족,*,*,*,*,*
사카족,0,0,0,NNP,*,T,사카족,*,*,*,*,*
사통,0,0,0,NNP,*,T,사통,*,*,*,*,*
사포텍족,0,0,0,NNP,*,T,사포텍족,*,*,*,*,*
사해,0,0,0,NNP,*,F,사해,*,*,*,*,*
사회계약론,0,0,0,NNP,*,T,사회계약론,*,*,*,*,*
사회분업론,0,0,0,NNP,*,T,사회분업론,*,*,*,*,*
사회에대한새견해,0,0,0,NNP,*,F,사회에대한새견해,*,*,*,*,*
산경,0,0,0,NNP,*,T,산경,*,*,*,*,*
산경십서,0,0,0,NNP,*,F,산경십서,*,*,*,*,*
산경표,0,0,0,NNP,*,F,산경표,*,*,*,*,*
산림경제,0,0,0,NNP,*,F,산림경제,*,*,*,*,*
산법통종,0,0,0,NNP,*,T,산법통종,*,*,*,*,*
산서해록,0,0,0,NNP,*,T,산서해록,*,*,*,*,*
산술관견,0,0,0,NNP,*,T,산술관견,*,*,*,*,*
산악박물관,0,0,0,NNP,*,T,산악박물관,*,*,*,*,*
산중일기,0,0,0,NNP,*,F,산중일기,*,*,*,*,*
산학계몽,0,0,0,NNP,*,T,산학계몽,*,*,*,*,*
산학정의,0,0,0,NNP,*,F,산학정의,*,*,*,*,*
산해경,0,0,0,NNP,*,T,산해경,*,*,*,*,*
삼강록,0,0,0,NNP,*,T,삼강록,*,*,*,*,*
삼강행실도,0,0,0,NNP,*,F,삼강행실도,*,*,*,*,*
삼경,0,0,0,NNP,*,T,삼경,*,*,*,*,*
삼경사서석의,0,0,0,NNP,*,F,삼경사서석의,*,*,*,*,*
삼관기,0,0,0,NNP,*,F,삼관기,*,*,*,*,*
삼교귀감,0,0,0,NNP,*,T,삼교귀감,*,*,*,*,*
삼국사기,0,0,0,NNP,*,F,삼국사기,*,*,*,*,*
삼국사절요,0,0,0,NNP,*,F,삼국사절요,*,*,*,*,*
삼국유사,0,0,0,NNP,*,F,삼국유사,*,*,*,*,*
삼국지,0,0,0,NNP,*,F,삼국지,*,*,*,*,*
삼대목,0,0,0,NNP,*,T,삼대목,*,*,*,*,*
삼략,0,0,0,NNP,*,T,삼략,*,*,*,*,*
삼례,0,0,0,NNP,*,F,삼례,*,*,*,*,*
삼론현의,0,0,0,NNP,*,F,삼론현의,*,*,*,*,*
삼문직지,0,0,0,NNP,*,F,삼문직지,*,*,*,*,*
삼문직해,0,0,0,NNP,*,F,삼문직해,*,*,*,*,*
삼민주의,0,0,0,NNP,*,F,삼민주의,*,*,*,*,*
삼반예식,0,0,0,NNP,*,T,삼반예식,*,*,*,*,*
삼분,0,0,0,NNP,*,T,삼분,*,*,*,*,*
삼선생유서,0,0,0,NNP,*,F,삼선생유서,*,*,*,*,*
삼설기,0,0,0,NNP,*,F,삼설기,*,*,*,*,*
삼역총해,0,0,0,NNP,*,F,삼역총해,*,*,*,*,*
삼운보유,0,0,0,NNP,*,F,삼운보유,*,*,*,*,*
삼운성휘,0,0,0,NNP,*,F,삼운성휘,*,*,*,*,*
삼운성휘보옥편,0,0,0,NNP,*,T,삼운성휘보옥편,*,*,*,*,*
삼운통고,0,0,0,NNP,*,F,삼운통고,*,*,*,*,*
삼재도회,0,0,0,NNP,*,F,삼재도회,*,*,*,*,*
삼전,0,0,0,NNP,*,T,삼전,*,*,*,*,*
삼조보감,0,0,0,NNP,*,T,삼조보감,*,*,*,*,*
삼조북맹회편,0,0,0,NNP,*,T,삼조북맹회편,*,*,*,*,*
삼죽금보,0,0,0,NNP,*,F,삼죽금보,*,*,*,*,*
삼창,0,0,0,NNP,*,T,삼창,*,*,*,*,*
삼통,0,0,0,NNP,*,T,삼통,*,*,*,*,*
삼학사전,0,0,0,NNP,*,T,삼학사전,*,*,*,*,*
삼학역어,0,0,0,NNP,*,F,삼학역어,*,*,*,*,*
삼한금석록,0,0,0,NNP,*,T,삼한금석록,*,*,*,*,*
삼화자향약방,0,0,0,NNP,*,T,삼화자향약방,*,*,*,*,*
삼희당첩,0,0,0,NNP,*,T,삼희당첩,*,*,*,*,*
상공의날,0,0,0,NNP,*,T,상공의날,*,*,*,*,*
상군서,0,0,0,NNP,*,F,상군서,*,*,*,*,*
상기타라트나카라,0,0,0,NNP,*,F,상기타라트나카라,*,*,*,*,*
상대성원리,0,0,0,NNP,*,F,상대성원리,*,*,*,*,*
상례비요,0,0,0,NNP,*,F,상례비요,*,*,*,*,*
상례비요보,0,0,0,NNP,*,F,상례비요보,*,*,*,*,*
상명산법,0,0,0,NNP,*,T,상명산법,*,*,*,*,*
상산선생전집,0,0,0,NNP,*,T,상산선생전집,*,*,*,*,*
상상력,0,0,0,NNP,*,T,상상력,*,*,*,*,*
상서,0,0,0,NNP,*,F,상서,*,*,*,*,*
상서고훈,0,0,0,NNP,*,T,상서고훈,*,*,*,*,*
상자,0,0,0,NNP,*,F,상자,*,*,*,*,*
상정고금예문,0,0,0,NNP,*,T,상정고금예문,*,*,*,*,*
상정예문,0,0,0,NNP,*,T,상정예문,*,*,*,*,*
상징형식의철학,0,0,0,NNP,*,T,상징형식의철학,*,*,*,*,*
상촌집,0,0,0,NNP,*,T,상촌집,*,*,*,*,*
상한론,0,0,0,NNP,*,T,상한론,*,*,*,*,*
상호부조론,0,0,0,NNP,*,T,상호부조론,*,*,*,*,*
상훈언해,0,0,0,NNP,*,F,상훈언해,*,*,*,*,*
새로운세계,0,0,0,NNP,*,F,새로운세계,*,*,*,*,*
새로운자유,0,0,0,NNP,*,F,새로운자유,*,*,*,*,*
색경,0,0,0,NNP,*,T,색경,*,*,*,*,*
색은,0,0,0,NNP,*,T,색은,*,*,*,*,*
생명의과학,0,0,0,NNP,*,T,생명의과학,*,*,*,*,*
생명의기원,0,0,0,NNP,*,T,생명의기원,*,*,*,*,*
서,0,0,0,NNP,*,F,서,*,*,*,*,*
서경,0,0,0,NNP,*,T,서경,*,*,*,*,*
서경잡기,0,0,0,NNP,*,F,서경잡기,*,*,*,*,*
서경지,0,0,0,NNP,*,F,서경지,*,*,*,*,*
서금가곡,0,0,0,NNP,*,T,서금가곡,*,*,*,*,*
서금보,0,0,0,NNP,*,F,서금보,*,*,*,*,*
서기,0,0,0,NNP,*,F,서기,*,*,*,*,*
서보,0,0,0,NNP,*,F,서보,*,*,*,*,*
서사기,0,0,0,NNP,*,F,서사기,*,*,*,*,*
서석집,0,0,0,NNP,*,T,서석집,*,*,*,*,*
서애집,0,0,0,NNP,*,T,서애집,*,*,*,*,*
서양의몰락,0,0,0,NNP,*,T,서양의몰락,*,*,*,*,*
서언고사,0,0,0,NNP,*,F,서언고사,*,*,*,*,*
서역구법고승전,0,0,0,NNP,*,T,서역구법고승전,*,*,*,*,*
서역기,0,0,0,NNP,*,F,서역기,*,*,*,*,*
서역수도기,0,0,0,NNP,*,F,서역수도기,*,*,*,*,*
서연문의,0,0,0,NNP,*,F,서연문의,*,*,*,*,*
서연비람,0,0,0,NNP,*,T,서연비람,*,*,*,*,*
서운관지,0,0,0,NNP,*,F,서운관지,*,*,*,*,*
서유견문,0,0,0,NNP,*,T,서유견문,*,*,*,*,*
서유록,0,0,0,NNP,*,T,서유록,*,*,*,*,*
서의,0,0,0,NNP,*,F,서의,*,*,*,*,*
서장족,0,0,0,NNP,*,T,서장족,*,*,*,*,*
서전,0,0,0,NNP,*,T,서전,*,*,*,*,*
서전언해,0,0,0,NNP,*,F,서전언해,*,*,*,*,*
서정록,0,0,0,NNP,*,T,서정록,*,*,*,*,*
서청고감,0,0,0,NNP,*,T,서청고감,*,*,*,*,*
석가,0,0,0,NNP,*,F,석가,*,*,*,*,*
석가탄신일,0,0,0,NNP,*,T,석가탄신일,*,*,*,*,*
석마하연론,0,0,0,NNP,*,T,석마하연론,*,*,*,*,*
석명,0,0,0,NNP,*,T,석명,*,*,*,*,*
석문가례초,0,0,0,NNP,*,F,석문가례초,*,*,*,*,*
석보상절,0,0,0,NNP,*,T,석보상절,*,*,*,*,*
석봉천자문,0,0,0,NNP,*,T,석봉천자문,*,*,*,*,*
석북집,0,0,0,NNP,*,T,석북집,*,*,*,*,*
석씨계고략,0,0,0,NNP,*,T,석씨계고략,*,*,*,*,*
석씨요람,0,0,0,NNP,*,T,석씨요람,*,*,*,*,*
석탄일,0,0,0,NNP,*,T,석탄일,*,*,*,*,*
선가귀감,0,0,0,NNP,*,T,선가귀감,*,*,*,*,*
선가귀감언해,0,0,0,NNP,*,F,선가귀감언해,*,*,*,*,*
선문염송설화,0,0,0,NNP,*,F,선문염송설화,*,*,*,*,*
선문염송집,0,0,0,NNP,*,T,선문염송집,*,*,*,*,*
선보,0,0,0,NNP,*,F,선보,*,*,*,*,*
선악의피안,0,0,0,NNP,*,T,선악의피안,*,*,*,*,*
선언편,0,0,0,NNP,*,T,선언편,*,*,*,*,*
선원계보기략,0,0,0,NNP,*,T,선원계보기략,*,*,*,*,*
선원록,0,0,0,NNP,*,T,선원록,*,*,*,*,*
선원보략,0,0,0,NNP,*,T,선원보략,*,*,*,*,*
선원보첩,0,0,0,NNP,*,T,선원보첩,*,*,*,*,*
선조실록,0,0,0,NNP,*,T,선조실록,*,*,*,*,*
선종영가집언해,0,0,0,NNP,*,F,선종영가집언해,*,*,*,*,*
선험적관념론의체계,0,0,0,NNP,*,F,선험적관념론의체계,*,*,*,*,*
선화봉사고려도경,0,0,0,NNP,*,T,선화봉사고려도경,*,*,*,*,*
선화서화보,0,0,0,NNP,*,F,선화서화보,*,*,*,*,*
설문,0,0,0,NNP,*,T,설문,*,*,*,*,*
설문통훈정성,0,0,0,NNP,*,T,설문통훈정성,*,*,*,*,*
설문해자,0,0,0,NNP,*,F,설문해자,*,*,*,*,*
설부,0,0,0,NNP,*,F,설부,*,*,*,*,*
섭대승론,0,0,0,NNP,*,T,섭대승론,*,*,*,*,*
섭론,0,0,0,NNP,*,T,섭론,*,*,*,*,*
섭생법,0,0,0,NNP,*,T,섭생법,*,*,*,*,*
성경,0,0,0,NNP,*,T,성경,*,*,*,*,*
성년의날,0,0,0,NNP,*,T,성년의날,*,*,*,*,*
성리대전,0,0,0,NNP,*,T,성리대전,*,*,*,*,*
성무기,0,0,0,NNP,*,F,성무기,*,*,*,*,*
성세위언,0,0,0,NNP,*,T,성세위언,*,*,*,*,*
성음해,0,0,0,NNP,*,F,성음해,*,*,*,*,*
성종실록,0,0,0,NNP,*,T,성종실록,*,*,*,*,*
성학십도,0,0,0,NNP,*,F,성학십도,*,*,*,*,*
성학집요,0,0,0,NNP,*,F,성학집요,*,*,*,*,*
성호사설,0,0,0,NNP,*,T,성호사설,*,*,*,*,*
성훈가어,0,0,0,NNP,*,F,성훈가어,*,*,*,*,*
세계과학자연맹,0,0,0,NNP,*,T,세계과학자연맹,*,*,*,*,*
세계관학,0,0,0,NNP,*,T,세계관학,*,*,*,*,*
세계대전의기원,0,0,0,NNP,*,T,세계대전의기원,*,*,*,*,*
세계도해,0,0,0,NNP,*,F,세계도해,*,*,*,*,*
세계문화사대계,0,0,0,NNP,*,F,세계문화사대계,*,*,*,*,*
세계와서구,0,0,0,NNP,*,F,세계와서구,*,*,*,*,*
세계의어족과언어권,0,0,0,NNP,*,T,세계의어족과언어권,*,*,*,*,*
세계의조화,0,0,0,NNP,*,F,세계의조화,*,*,*,*,*
세계한인의날,0,0,0,NNP,*,T,세계한인의날,*,*,*,*,*
세노이족,0,0,0,NNP,*,T,세노이족,*,*,*,*,*
세망,0,0,0,NNP,*,T,세망,*,*,*,*,*
세설신어,0,0,0,NNP,*,F,세설신어,*,*,*,*,*
세시기,0,0,0,NNP,*,F,세시기,*,*,*,*,*
세의득효방,0,0,0,NNP,*,T,세의득효방,*,*,*,*,*
세조실록,0,0,0,NNP,*,T,세조실록,*,*,*,*,*
세종실록,0,0,0,NNP,*,T,세종실록,*,*,*,*,*
세종실록지리지,0,0,0,NNP,*,F,세종실록지리지,*,*,*,*,*
세종어제훈민정음,0,0,0,NNP,*,T,세종어제훈민정음,*,*,*,*,*
세포병리학,0,0,0,NNP,*,T,세포병리학,*,*,*,*,*
셀리그먼사회과학백과사전,0,0,0,NNP,*,T,셀리그먼사회과학백과사전,*,*,*,*,*
셀본의박물지,0,0,0,NNP,*,F,셀본의박물지,*,*,*,*,*
셈인,0,0,0,NNP,*,T,셈인,*,*,*,*,*
셰드수족관,0,0,0,NNP,*,T,셰드수족관,*,*,*,*,*
셰르파,0,0,0,NNP,*,F,셰르파,*,*,*,*,*
셰익스피어의언어,0,0,0,NNP,*,F,셰익스피어의언어,*,*,*,*,*
소대례,0,0,0,NNP,*,F,소대례,*,*,*,*,*
소대풍요,0,0,0,NNP,*,F,소대풍요,*,*,*,*,*
소러시아인,0,0,0,NNP,*,T,소러시아인,*,*,*,*,*
소말리족,0,0,0,NNP,*,T,소말리족,*,*,*,*,*
소문,0,0,0,NNP,*,T,소문,*,*,*,*,*
소문대요,0,0,0,NNP,*,F,소문대요,*,*,*,*,*
소미가숙통감절요,0,0,0,NNP,*,F,소미가숙통감절요,*,*,*,*,*
소방의날,0,0,0,NNP,*,T,소방의날,*,*,*,*,*
소비에트연방과학아카데미,0,0,0,NNP,*,F,소비에트연방과학아카데미,*,*,*,*,*
소비자의날,0,0,0,NNP,*,T,소비자의날,*,*,*,*,*
소설어록해,0,0,0,NNP,*,F,소설어록해,*,*,*,*,*
소아,0,0,0,NNP,*,F,소아,*,*,*,*,*
소아론,0,0,0,NNP,*,T,소아론,*,*,*,*,*
소열황제,0,0,0,NNP,*,F,소열황제,*,*,*,*,*
소의신편,0,0,0,NNP,*,T,소의신편,*,*,*,*,*
소재집,0,0,0,NNP,*,T,소재집,*,*,*,*,*
소지역사회,0,0,0,NNP,*,F,소지역사회,*,*,*,*,*
소크라테스의변명,0,0,0,NNP,*,T,소크라테스의변명,*,*,*,*,*
소품반야경,0,0,0,NNP,*,T,소품반야경,*,*,*,*,*
소학,0,0,0,NNP,*,T,소학,*,*,*,*,*
소학언해,0,0,0,NNP,*,F,소학언해,*,*,*,*,*
소학편몽,0,0,0,NNP,*,T,소학편몽,*,*,*,*,*
소화외사,0,0,0,NNP,*,F,소화외사,*,*,*,*,*
속대전,0,0,0,NNP,*,T,속대전,*,*,*,*,*
속동문선,0,0,0,NNP,*,T,속동문선,*,*,*,*,*
속명의록,0,0,0,NNP,*,T,속명의록,*,*,*,*,*
속명의록언해,0,0,0,NNP,*,F,속명의록언해,*,*,*,*,*
속문헌통고,0,0,0,NNP,*,F,속문헌통고,*,*,*,*,*
속병장도설,0,0,0,NNP,*,T,속병장도설,*,*,*,*,*
속삼강행실도,0,0,0,NNP,*,F,속삼강행실도,*,*,*,*,*
속악보,0,0,0,NNP,*,F,속악보,*,*,*,*,*
속오례의,0,0,0,NNP,*,F,속오례의,*,*,*,*,*
속육전,0,0,0,NNP,*,T,속육전,*,*,*,*,*
속음청사,0,0,0,NNP,*,F,속음청사,*,*,*,*,*
속자치통감,0,0,0,NNP,*,T,속자치통감,*,*,*,*,*
속자치통감장편,0,0,0,NNP,*,T,속자치통감장편,*,*,*,*,*
속전,0,0,0,NNP,*,T,속전,*,*,*,*,*
속편년통재,0,0,0,NNP,*,F,속편년통재,*,*,*,*,*
속화품,0,0,0,NNP,*,T,속화품,*,*,*,*,*
손자,0,0,0,NNP,*,F,손자,*,*,*,*,*
손자병법,0,0,0,NNP,*,T,손자병법,*,*,*,*,*
솔론족,0,0,0,NNP,*,T,솔론족,*,*,*,*,*
송금사목,0,0,0,NNP,*,T,송금사목,*,*,*,*,*
송금절목,0,0,0,NNP,*,T,송금절목,*,*,*,*,*
송남잡지,0,0,0,NNP,*,F,송남잡지,*,*,*,*,*
송담집,0,0,0,NNP,*,T,송담집,*,*,*,*,*
송도지,0,0,0,NNP,*,F,송도지,*,*,*,*,*
송명신언행록,0,0,0,NNP,*,T,송명신언행록,*,*,*,*,*
송문감,0,0,0,NNP,*,T,송문감,*,*,*,*,*
송사,0,0,0,NNP,*,F,송사,*,*,*,*,*
송서,0,0,0,NNP,*,F,송서,*,*,*,*,*
송암집,0,0,0,NNP,*,T,송암집,*,*,*,*,*
송원학안,0,0,0,NNP,*,T,송원학안,*,*,*,*,*
송자대전,0,0,0,NNP,*,T,송자대전,*,*,*,*,*
송조표전총류,0,0,0,NNP,*,F,송조표전총류,*,*,*,*,*
송회요,0,0,0,NNP,*,F,송회요,*,*,*,*,*
수경,0,0,0,NNP,*,T,수경,*,*,*,*,*
수경주,0,0,0,NNP,*,F,수경주,*,*,*,*,*
수교집록,0,0,0,NNP,*,T,수교집록,*,*,*,*,*
수단흑인,0,0,0,NNP,*,T,수단흑인,*,*,*,*,*
수리정온,0,0,0,NNP,*,T,수리정온,*,*,*,*,*
수상록,0,0,0,NNP,*,T,수상록,*,*,*,*,*
수서,0,0,0,NNP,*,F,수서,*,*,*,*,*
수시력,0,0,0,NNP,*,T,수시력,*,*,*,*,*
수신사일기,0,0,0,NNP,*,F,수신사일기,*,*,*,*,*
수출의날,0,0,0,NNP,*,T,수출의날,*,*,*,*,*
수학의원리,0,0,0,NNP,*,F,수학의원리,*,*,*,*,*
숙종실록,0,0,0,NNP,*,T,숙종실록,*,*,*,*,*
순국선열의날,0,0,0,NNP,*,T,순국선열의날,*,*,*,*,*
순수이성비판,0,0,0,NNP,*,T,순수이성비판,*,*,*,*,*
순오지,0,0,0,NNP,*,F,순오지,*,*,*,*,*
순자,0,0,0,NNP,*,F,순자,*,*,*,*,*
순조실록,0,0,0,NNP,*,T,순조실록,*,*,*,*,*
순화각첩,0,0,0,NNP,*,T,순화각첩,*,*,*,*,*
술수략,0,0,0,NNP,*,T,술수략,*,*,*,*,*
술학,0,0,0,NNP,*,T,술학,*,*,*,*,*
숭정역서,0,0,0,NNP,*,F,숭정역서,*,*,*,*,*
스미스소니언박물관,0,0,0,NNP,*,T,스미스소니언박물관,*,*,*,*,*
스미스소니언협회,0,0,0,NNP,*,F,스미스소니언협회,*,*,*,*,*
스승의날,0,0,0,NNP,*,T,스승의날,*,*,*,*,*
스와지족,0,0,0,NNP,*,T,스와지족,*,*,*,*,*
스웨덴족,0,0,0,NNP,*,T,스웨덴족,*,*,*,*,*
스키타이,0,0,0,NNP,*,F,스키타이,*,*,*,*,*
승사략,0,0,0,NNP,*,T,승사략,*,*,*,*,*
승선원일기,0,0,0,NNP,*,F,승선원일기,*,*,*,*,*
승정원일기,0,0,0,NNP,*,F,승정원일기,*,*,*,*,*
시,0,0,0,NNP,*,F,시,*,*,*,*,*
시가요곡,0,0,0,NNP,*,T,시가요곡,*,*,*,*,*
시간과자유,0,0,0,NNP,*,F,시간과자유,*,*,*,*,*
시경,0,0,0,NNP,*,T,시경,*,*,*,*,*
시경언해,0,0,0,NNP,*,F,시경언해,*,*,*,*,*
시명다식,0,0,0,NNP,*,T,시명다식,*,*,*,*,*
시비르족,0,0,0,NNP,*,T,시비르족,*,*,*,*,*
시서,0,0,0,NNP,*,F,시서,*,*,*,*,*
시서례,0,0,0,NNP,*,F,시서례,*,*,*,*,*
시서역,0,0,0,NNP,*,T,시서역,*,*,*,*,*
시수,0,0,0,NNP,*,F,시수,*,*,*,*,*
시식권공언해,0,0,0,NNP,*,F,시식권공언해,*,*,*,*,*
시악화성,0,0,0,NNP,*,T,시악화성,*,*,*,*,*
시용무보,0,0,0,NNP,*,F,시용무보,*,*,*,*,*
시자,0,0,0,NNP,*,F,시자,*,*,*,*,*
시전,0,0,0,NNP,*,T,시전,*,*,*,*,*
시크족,0,0,0,NNP,*,T,시크족,*,*,*,*,*
시품,0,0,0,NNP,*,T,시품,*,*,*,*,*
시학,0,0,0,NNP,*,T,시학,*,*,*,*,*
시헌기요,0,0,0,NNP,*,F,시헌기요,*,*,*,*,*
식목일,0,0,0,NNP,*,T,식목일,*,*,*,*,*
식물명실도고,0,0,0,NNP,*,F,식물명실도고,*,*,*,*,*
식물철학,0,0,0,NNP,*,T,식물철학,*,*,*,*,*
식화지,0,0,0,NNP,*,F,식화지,*,*,*,*,*
신간구황촬요,0,0,0,NNP,*,F,신간구황촬요,*,*,*,*,*
신간증보삼략직해,0,0,0,NNP,*,F,신간증보삼략직해,*,*,*,*,*
신감,0,0,0,NNP,*,T,신감,*,*,*,*,*
신과국가,0,0,0,NNP,*,F,신과국가,*,*,*,*,*
신과학대화,0,0,0,NNP,*,F,신과학대화,*,*,*,*,*
신국론,0,0,0,NNP,*,T,신국론,*,*,*,*,*
신기비결,0,0,0,NNP,*,T,신기비결,*,*,*,*,*
신농본초경,0,0,0,NNP,*,T,신농본초경,*,*,*,*,*
신농본초경집주,0,0,0,NNP,*,F,신농본초경집주,*,*,*,*,*
신단실기,0,0,0,NNP,*,F,신단실기,*,*,*,*,*
신당서,0,0,0,NNP,*,F,신당서,*,*,*,*,*
신라국기,0,0,0,NNP,*,F,신라국기,*,*,*,*,*
신라백지묵서대방광불화엄경,0,0,0,NNP,*,T,신라백지묵서대방광불화엄경,*,*,*,*,*
신라사경,0,0,0,NNP,*,T,신라사경,*,*,*,*,*
신라사연구,0,0,0,NNP,*,F,신라사연구,*,*,*,*,*
신라장적,0,0,0,NNP,*,T,신라장적,*,*,*,*,*
신문의날,0,0,0,NNP,*,T,신문의날,*,*,*,*,*
신문주간,0,0,0,NNP,*,T,신문주간,*,*,*,*,*
신민설,0,0,0,NNP,*,T,신민설,*,*,*,*,*
신번노걸대,0,0,0,NNP,*,F,신번노걸대,*,*,*,*,*
신번첩해몽어,0,0,0,NNP,*,F,신번첩해몽어,*,*,*,*,*
신법보천가,0,0,0,NNP,*,F,신법보천가,*,*,*,*,*
신보수교집록,0,0,0,NNP,*,T,신보수교집록,*,*,*,*,*
신비주의와언어,0,0,0,NNP,*,F,신비주의와언어,*,*,*,*,*
신생활,0,0,0,NNP,*,T,신생활,*,*,*,*,*
신서,0,0,0,NNP,*,F,신서,*,*,*,*,*
신석노걸대언해,0,0,0,NNP,*,F,신석노걸대언해,*,*,*,*,*
신석박통사언해,0,0,0,NNP,*,F,신석박통사언해,*,*,*,*,*
신석소아론,0,0,0,NNP,*,T,신석소아론,*,*,*,*,*
신석청어노걸대,0,0,0,NNP,*,F,신석청어노걸대,*,*,*,*,*
신석팔세아,0,0,0,NNP,*,F,신석팔세아,*,*,*,*,*
신성가족,0,0,0,NNP,*,T,신성가족,*,*,*,*,*
신소,0,0,0,NNP,*,F,신소,*,*,*,*,*
신식유서필지,0,0,0,NNP,*,F,신식유서필지,*,*,*,*,*
신심명,0,0,0,NNP,*,T,신심명,*,*,*,*,*
신어,0,0,0,NNP,*,F,신어,*,*,*,*,*
신여성,0,0,0,NNP,*,T,신여성,*,*,*,*,*
신오대사,0,0,0,NNP,*,F,신오대사,*,*,*,*,*
신오위장본,0,0,0,NNP,*,T,신오위장본,*,*,*,*,*
신원사,0,0,0,NNP,*,F,신원사,*,*,*,*,*
신의나라,0,0,0,NNP,*,F,신의나라,*,*,*,*,*
신이학,0,0,0,NNP,*,T,신이학,*,*,*,*,*
신자,0,0,0,NNP,*,F,신자,*,*,*,*,*
신자전,0,0,0,NNP,*,T,신자전,*,*,*,*,*
신전자초방언해,0,0,0,NNP,*,F,신전자초방언해,*,*,*,*,*
신정국문,0,0,0,NNP,*,T,신정국문,*,*,*,*,*
신증동국여지승람,0,0,0,NNP,*,T,신증동국여지승람,*,*,*,*,*
신증유합,0,0,0,NNP,*,T,신증유합,*,*,*,*,*
신집,0,0,0,NNP,*,T,신집,*,*,*,*,*
신찬경제속육전,0,0,0,NNP,*,T,신찬경제속육전,*,*,*,*,*
신찬벽온방,0,0,0,NNP,*,T,신찬벽온방,*,*,*,*,*
신찬속육전,0,0,0,NNP,*,T,신찬속육전,*,*,*,*,*
신찬육전,0,0,0,NNP,*,T,신찬육전,*,*,*,*,*
신찬팔도지리지,0,0,0,NNP,*,F,신찬팔도지리지,*,*,*,*,*
신청년,0,0,0,NNP,*,T,신청년,*,*,*,*,*
신편제종교장총록,0,0,0,NNP,*,T,신편제종교장총록,*,*,*,*,*
신학대전,0,0,0,NNP,*,T,신학대전,*,*,*,*,*
신학정치론,0,0,0,NNP,*,T,신학정치론,*,*,*,*,*
신학총론,0,0,0,NNP,*,T,신학총론,*,*,*,*,*
신할리즈족,0,0,0,NNP,*,T,신할리즈족,*,*,*,*,*
실리론,0,0,0,NNP,*,T,실리론,*,*,*,*,*
실증철학강의,0,0,0,NNP,*,F,실증철학강의,*,*,*,*,*
실천론,0,0,0,NNP,*,T,실천론,*,*,*,*,*
실천이성비판,0,0,0,NNP,*,T,실천이성비판,*,*,*,*,*
실험의학서설,0,0,0,NNP,*,T,실험의학서설,*,*,*,*,*
심경,0,0,0,NNP,*,T,심경,*,*,*,*,*
심경석의,0,0,0,NNP,*,F,심경석의,*,*,*,*,*
심경언해,0,0,0,NNP,*,F,심경언해,*,*,*,*,*
심리록,0,0,0,NNP,*,T,심리록,*,*,*,*,*
심리적발달의기초,0,0,0,NNP,*,F,심리적발달의기초,*,*,*,*,*
심야총서,0,0,0,NNP,*,F,심야총서,*,*,*,*,*
심양일기,0,0,0,NNP,*,F,심양일기,*,*,*,*,*
심양장계,0,0,0,NNP,*,F,심양장계,*,*,*,*,*
십경,0,0,0,NNP,*,T,십경,*,*,*,*,*
십구사,0,0,0,NNP,*,F,십구사,*,*,*,*,*
십구사략언해,0,0,0,NNP,*,F,십구사략언해,*,*,*,*,*
십비판서,0,0,0,NNP,*,F,십비판서,*,*,*,*,*
십삼경,0,0,0,NNP,*,T,십삼경,*,*,*,*,*
십삼경주소,0,0,0,NNP,*,F,십삼경주소,*,*,*,*,*
십삼사,0,0,0,NNP,*,F,십삼사,*,*,*,*,*
십익,0,0,0,NNP,*,T,십익,*,*,*,*,*
십일경,0,0,0,NNP,*,T,십일경,*,*,*,*,*
십죽재화보,0,0,0,NNP,*,F,십죽재화보,*,*,*,*,*
십칠사찬고금통요,0,0,0,NNP,*,F,십칠사찬고금통요,*,*,*,*,*
십칠첩,0,0,0,NNP,*,T,십칠첩,*,*,*,*,*
십팔사,0,0,0,NNP,*,F,십팔사,*,*,*,*,*
십팔사략,0,0,0,NNP,*,T,십팔사략,*,*,*,*,*
쌍십절,0,0,0,NNP,*,T,쌍십절,*,*,*,*,*
아라비아인,0,0,0,NNP,*,T,아라비아인,*,*,*,*,*
아라와크족,0,0,0,NNP,*,T,아라와크족,*,*,*,*,*
아라우칸족,0,0,0,NNP,*,T,아라우칸족,*,*,*,*,*
아레오파지티카,0,0,0,NNP,*,F,아레오파지티카,*,*,*,*,*
아룬타,0,0,0,NNP,*,F,아룬타,*,*,*,*,*
아르타샤스트라,0,0,0,NNP,*,F,아르타샤스트라,*,*,*,*,*
아리아인종,0,0,0,NNP,*,T,아리아인종,*,*,*,*,*
아리안,0,0,0,NNP,*,T,아리안,*,*,*,*,*
아메리카나백과사전,0,0,0,NNP,*,T,아메리카나백과사전,*,*,*,*,*
아메리카의흑인,0,0,0,NNP,*,T,아메리카의흑인,*,*,*,*,*
아메리칸인디언,0,0,0,NNP,*,T,아메리칸인디언,*,*,*,*,*
아메스파피루스,0,0,0,NNP,*,F,아메스파피루스,*,*,*,*,*
아무루인,0,0,0,NNP,*,T,아무루인,*,*,*,*,*
아미족,0,0,0,NNP,*,T,아미족,*,*,*,*,*
아미타경언해,0,0,0,NNP,*,F,아미타경언해,*,*,*,*,*
아방강역고,0,0,0,NNP,*,F,아방강역고,*,*,*,*,*
아벨라르서간집,0,0,0,NNP,*,T,아벨라르서간집,*,*,*,*,*
아삼제족,0,0,0,NNP,*,T,아삼제족,*,*,*,*,*
아시아인종,0,0,0,NNP,*,T,아시아인종,*,*,*,*,*
아시조선,0,0,0,NNP,*,T,아시조선,*,*,*,*,*
아언각비,0,0,0,NNP,*,F,아언각비,*,*,*,*,*
아에타족,0,0,0,NNP,*,T,아에타족,*,*,*,*,*
아이누,0,0,0,NNP,*,F,아이누,*,*,*,*,*
아이러니의개념,0,0,0,NNP,*,T,아이러니의개념,*,*,*,*,*
아이시오엠,0,0,0,NNP,*,T,아이시오엠,*,*,*,*,*
아이유오티오,0,0,0,NNP,*,F,아이유오티오,*,*,*,*,*
아제르바이잔족,0,0,0,NNP,*,T,아제르바이잔족,*,*,*,*,*
아카족,0,0,0,NNP,*,T,아카족,*,*,*,*,*
아타파스카족,0,0,0,NNP,*,T,아타파스카족,*,*,*,*,*
아프간족,0,0,0,NNP,*,T,아프간족,*,*,*,*,*
아학편,0,0,0,NNP,*,T,아학편,*,*,*,*,*
아희원람,0,0,0,NNP,*,T,아희원람,*,*,*,*,*
악본,0,0,0,NNP,*,T,악본,*,*,*,*,*
악부시집,0,0,0,NNP,*,T,악부시집,*,*,*,*,*
악서고존,0,0,0,NNP,*,T,악서고존,*,*,*,*,*
악서찬집,0,0,0,NNP,*,T,악서찬집,*,*,*,*,*
악원고사,0,0,0,NNP,*,F,악원고사,*,*,*,*,*
악장가사,0,0,0,NNP,*,F,악장가사,*,*,*,*,*
악통,0,0,0,NNP,*,T,악통,*,*,*,*,*
악학궤범,0,0,0,NNP,*,T,악학궤범,*,*,*,*,*
안남인,0,0,0,NNP,*,T,안남인,*,*,*,*,*
안남지략,0,0,0,NNP,*,T,안남지략,*,*,*,*,*
안다만도인,0,0,0,NNP,*,T,안다만도인,*,*,*,*,*
안상금보,0,0,0,NNP,*,F,안상금보,*,*,*,*,*
안씨가훈,0,0,0,NNP,*,T,안씨가훈,*,*,*,*,*
안자,0,0,0,NNP,*,F,안자,*,*,*,*,*
안자춘추,0,0,0,NNP,*,F,안자춘추,*,*,*,*,*
알곤킨족,0,0,0,NNP,*,T,알곤킨족,*,*,*,*,*
알라만족,0,0,0,NNP,*,T,알라만족,*,*,*,*,*
알란족,0,0,0,NNP,*,T,알란족,*,*,*,*,*
알마게스트,0,0,0,NNP,*,F,알마게스트,*,*,*,*,*
알타이족,0,0,0,NNP,*,T,알타이족,*,*,*,*,*
알프스인종,0,0,0,NNP,*,T,알프스인종,*,*,*,*,*
애경,0,0,0,NNP,*,T,애경,*,*,*,*,*
앵글로ㆍ색슨,0,0,0,NNP,*,T,앵글로ㆍ색슨,*,*,*,*,*
앵글로ㆍ색슨인,0,0,0,NNP,*,T,앵글로ㆍ색슨인,*,*,*,*,*
앵글로ㆍ색슨족,0,0,0,NNP,*,T,앵글로ㆍ색슨족,*,*,*,*,*
야미족,0,0,0,NNP,*,T,야미족,*,*,*,*,*
야승,0,0,0,NNP,*,T,야승,*,*,*,*,*
야운자경,0,0,0,NNP,*,T,야운자경,*,*,*,*,*
야은선생언행습유,0,0,0,NNP,*,F,야은선생언행습유,*,*,*,*,*
약장합편,0,0,0,NNP,*,T,약장합편,*,*,*,*,*
약파만록,0,0,0,NNP,*,T,약파만록,*,*,*,*,*
양고승전,0,0,0,NNP,*,T,양고승전,*,*,*,*,*
양생기,0,0,0,NNP,*,F,양생기,*,*,*,*,*
양서,0,0,0,NNP,*,F,양서,*,*,*,*,*
양자역학의원리,0,0,0,NNP,*,F,양자역학의원리,*,*,*,*,*
양전,0,0,0,NNP,*,T,양전,*,*,*,*,*
양휘산법,0,0,0,NNP,*,T,양휘산법,*,*,*,*,*
어록총람,0,0,0,NNP,*,T,어록총람,*,*,*,*,*
어록해,0,0,0,NNP,*,F,어록해,*,*,*,*,*
어린도,0,0,0,NNP,*,F,어린도,*,*,*,*,*
어린도책,0,0,0,NNP,*,T,어린도책,*,*,*,*,*
어린이날,0,0,0,NNP,*,T,어린이날,*,*,*,*,*
어린책,0,0,0,NNP,*,T,어린책,*,*,*,*,*
어면순,0,0,0,NNP,*,T,어면순,*,*,*,*,*
어버이날,0,0,0,NNP,*,T,어버이날,*,*,*,*,*
어보,0,0,0,NNP,*,F,어보,*,*,*,*,*
어비역대통감집람,0,0,0,NNP,*,T,어비역대통감집람,*,*,*,*,*
어은보,0,0,0,NNP,*,F,어은보,*,*,*,*,*
어은총화,0,0,0,NNP,*,F,어은총화,*,*,*,*,*
어정갱장록,0,0,0,NNP,*,T,어정갱장록,*,*,*,*,*
어제경세편,0,0,0,NNP,*,T,어제경세편,*,*,*,*,*
어제내훈,0,0,0,NNP,*,T,어제내훈,*,*,*,*,*
어제백행원,0,0,0,NNP,*,T,어제백행원,*,*,*,*,*
어제상훈언해,0,0,0,NNP,*,F,어제상훈언해,*,*,*,*,*
어제여사서언해,0,0,0,NNP,*,F,어제여사서언해,*,*,*,*,*
어제훈서언해,0,0,0,NNP,*,F,어제훈서언해,*,*,*,*,*
언론의자유,0,0,0,NNP,*,F,언론의자유,*,*,*,*,*
언문지,0,0,0,NNP,*,F,언문지,*,*,*,*,*
언어학원론,0,0,0,NNP,*,T,언어학원론,*,*,*,*,*
언음첩고,0,0,0,NNP,*,F,언음첩고,*,*,*,*,*
언해구급방,0,0,0,NNP,*,T,언해구급방,*,*,*,*,*
언해납약증치방,0,0,0,NNP,*,T,언해납약증치방,*,*,*,*,*
언해두창집요,0,0,0,NNP,*,F,언해두창집요,*,*,*,*,*
언해태산집요,0,0,0,NNP,*,F,언해태산집요,*,*,*,*,*
에라스뮈스상,0,0,0,NNP,*,T,에라스뮈스상,*,*,*,*,*
에스키모,0,0,0,NNP,*,F,에스키모,*,*,*,*,*
에스테가,0,0,0,NNP,*,F,에스테가,*,*,*,*,*
에스테르하지가,0,0,0,NNP,*,F,에스테르하지가,*,*,*,*,*
에오안트로푸스,0,0,0,NNP,*,F,에오안트로푸스,*,*,*,*,*
에티오피아인,0,0,0,NNP,*,T,에티오피아인,*,*,*,*,*
에티오피아인종,0,0,0,NNP,*,T,에티오피아인종,*,*,*,*,*
엔치클로페디,0,0,0,NNP,*,F,엔치클로페디,*,*,*,*,*
여람,0,0,0,NNP,*,T,여람,*,*,*,*,*
여론,0,0,0,NNP,*,T,여론,*,*,*,*,*
여사서,0,0,0,NNP,*,F,여사서,*,*,*,*,*
여사서언해,0,0,0,NNP,*,F,여사서언해,*,*,*,*,*
여사잠,0,0,0,NNP,*,T,여사잠,*,*,*,*,*
여사잠도,0,0,0,NNP,*,F,여사잠도,*,*,*,*,*
여사제강,0,0,0,NNP,*,T,여사제강,*,*,*,*,*
여성과사회주의,0,0,0,NNP,*,F,여성과사회주의,*,*,*,*,*
여씨춘추,0,0,0,NNP,*,F,여씨춘추,*,*,*,*,*
여씨향약언해,0,0,0,NNP,*,F,여씨향약언해,*,*,*,*,*
여요전주,0,0,0,NNP,*,F,여요전주,*,*,*,*,*
여유당전서,0,0,0,NNP,*,F,여유당전서,*,*,*,*,*
여족,0,0,0,NNP,*,T,여족,*,*,*,*,*
여지승람,0,0,0,NNP,*,T,여지승람,*,*,*,*,*
여지지,0,0,0,NNP,*,F,여지지,*,*,*,*,*
여지편람,0,0,0,NNP,*,T,여지편람,*,*,*,*,*
여헌성리설,0,0,0,NNP,*,T,여헌성리설,*,*,*,*,*
여훈언해,0,0,0,NNP,*,F,여훈언해,*,*,*,*,*
역,0,0,0,NNP,*,T,역,*,*,*,*,*
역경,0,0,0,NNP,*,T,역경,*,*,*,*,*
역대명화기,0,0,0,NNP,*,F,역대명화기,*,*,*,*,*
역대병요,0,0,0,NNP,*,F,역대병요,*,*,*,*,*
역대지리지운편금석,0,0,0,NNP,*,T,역대지리지운편금석,*,*,*,*,*
역사,0,0,0,NNP,*,F,역사,*,*,*,*,*
역사서술의이론과역사,0,0,0,NNP,*,F,역사서술의이론과역사,*,*,*,*,*
역사의연구,0,0,0,NNP,*,F,역사의연구,*,*,*,*,*
역산전서,0,0,0,NNP,*,F,역산전서,*,*,*,*,*
역상고성,0,0,0,NNP,*,T,역상고성,*,*,*,*,*
역어유해,0,0,0,NNP,*,F,역어유해,*,*,*,*,*
역어유해보,0,0,0,NNP,*,F,역어유해보,*,*,*,*,*
역전,0,0,0,NNP,*,T,역전,*,*,*,*,*
역학계몽요해,0,0,0,NNP,*,F,역학계몽요해,*,*,*,*,*
역학도설,0,0,0,NNP,*,T,역학도설,*,*,*,*,*
역학서언,0,0,0,NNP,*,T,역학서언,*,*,*,*,*
연감유함,0,0,0,NNP,*,T,연감유함,*,*,*,*,*
연경세시기,0,0,0,NNP,*,F,연경세시기,*,*,*,*,*
연려실기술,0,0,0,NNP,*,T,연려실기술,*,*,*,*,*
연병지남,0,0,0,NNP,*,T,연병지남,*,*,*,*,*
연산군일기,0,0,0,NNP,*,F,연산군일기,*,*,*,*,*
연암외전,0,0,0,NNP,*,T,연암외전,*,*,*,*,*
연애론,0,0,0,NNP,*,T,연애론,*,*,*,*,*
연주시격,0,0,0,NNP,*,T,연주시격,*,*,*,*,*
연천집,0,0,0,NNP,*,T,연천집,*,*,*,*,*
열녀전,0,0,0,NNP,*,T,열녀전,*,*,*,*,*
열성지장통기,0,0,0,NNP,*,F,열성지장통기,*,*,*,*,*
열왕기,0,0,0,NNP,*,F,열왕기,*,*,*,*,*
열자,0,0,0,NNP,*,F,열자,*,*,*,*,*
열조갱장록,0,0,0,NNP,*,T,열조갱장록,*,*,*,*,*
열조통기,0,0,0,NNP,*,F,열조통기,*,*,*,*,*
염락풍아,0,0,0,NNP,*,F,염락풍아,*,*,*,*,*
염불보권문,0,0,0,NNP,*,T,염불보권문,*,*,*,*,*
염요기문,0,0,0,NNP,*,T,염요기문,*,*,*,*,*
염철론,0,0,0,NNP,*,T,염철론,*,*,*,*,*
염초방언해,0,0,0,NNP,*,F,염초방언해,*,*,*,*,*
영가집언해,0,0,0,NNP,*,F,영가집언해,*,*,*,*,*
영구평화론,0,0,0,NNP,*,T,영구평화론,*,*,*,*,*
영국학사원,0,0,0,NNP,*,T,영국학사원,*,*,*,*,*
영남인물고,0,0,0,NNP,*,F,영남인물고,*,*,*,*,*
영락대전,0,0,0,NNP,*,T,영락대전,*,*,*,*,*
영릉신도비,0,0,0,NNP,*,F,영릉신도비,*,*,*,*,*
영조실록,0,0,0,NNP,*,T,영조실록,*,*,*,*,*
영해지략,0,0,0,NNP,*,T,영해지략,*,*,*,*,*
영험약초,0,0,0,NNP,*,F,영험약초,*,*,*,*,*
영환지략,0,0,0,NNP,*,T,영환지략,*,*,*,*,*
예,0,0,0,NNP,*,F,예,*,*,*,*,*
예기,0,0,0,NNP,*,F,예기,*,*,*,*,*
예기대문언독,0,0,0,NNP,*,T,예기대문언독,*,*,*,*,*
예문유취,0,0,0,NNP,*,F,예문유취,*,*,*,*,*
예문지,0,0,0,NNP,*,F,예문지,*,*,*,*,*
예법휘찬,0,0,0,NNP,*,T,예법휘찬,*,*,*,*,*
예벤크족,0,0,0,NNP,*,T,예벤크족,*,*,*,*,*
예부운략,0,0,0,NNP,*,T,예부운략,*,*,*,*,*
예비군의날,0,0,0,NNP,*,T,예비군의날,*,*,*,*,*
예전,0,0,0,NNP,*,T,예전,*,*,*,*,*
예종실록,0,0,0,NNP,*,T,예종실록,*,*,*,*,*
오가전집,0,0,0,NNP,*,T,오가전집,*,*,*,*,*
오거운서,0,0,0,NNP,*,F,오거운서,*,*,*,*,*
오경대전,0,0,0,NNP,*,T,오경대전,*,*,*,*,*
오경이의,0,0,0,NNP,*,F,오경이의,*,*,*,*,*
오경정의,0,0,0,NNP,*,F,오경정의,*,*,*,*,*
오교장,0,0,0,NNP,*,T,오교장,*,*,*,*,*
오대사,0,0,0,NNP,*,F,오대사,*,*,*,*,*
오대사기,0,0,0,NNP,*,F,오대사기,*,*,*,*,*
오대시화,0,0,0,NNP,*,F,오대시화,*,*,*,*,*
오대진언,0,0,0,NNP,*,T,오대진언,*,*,*,*,*
오대진언수구경,0,0,0,NNP,*,T,오대진언수구경,*,*,*,*,*
오라녀나사우가,0,0,0,NNP,*,F,오라녀나사우가,*,*,*,*,*
오렌지가,0,0,0,NNP,*,F,오렌지가,*,*,*,*,*
오례의,0,0,0,NNP,*,F,오례의,*,*,*,*,*
오로크족,0,0,0,NNP,*,T,오로크족,*,*,*,*,*
오륜전비기언해,0,0,0,NNP,*,F,오륜전비기언해,*,*,*,*,*
오륜전비언해,0,0,0,NNP,*,F,오륜전비언해,*,*,*,*,*
오륜행실도,0,0,0,NNP,*,F,오륜행실도,*,*,*,*,*
오성홍기,0,0,0,NNP,*,F,오성홍기,*,*,*,*,*
오스만리,0,0,0,NNP,*,F,오스만리,*,*,*,*,*
오스만튀르크족,0,0,0,NNP,*,T,오스만튀르크족,*,*,*,*,*
오스탸크족,0,0,0,NNP,*,T,오스탸크족,*,*,*,*,*
오월비사,0,0,0,NNP,*,F,오월비사,*,*,*,*,*
오월춘추,0,0,0,NNP,*,F,오월춘추,*,*,*,*,*
오일륙민족상,0,0,0,NNP,*,T,오일륙민족상,*,*,*,*,*
오일절,0,0,0,NNP,*,T,오일절,*,*,*,*,*
오일팔민주화운동기념일,0,0,0,NNP,*,T,오일팔민주화운동기념일,*,*,*,*,*
오자,0,0,0,NNP,*,F,오자,*,*,*,*,*
오정일고,0,0,0,NNP,*,F,오정일고,*,*,*,*,*
오주연문장전산고,0,0,0,NNP,*,F,오주연문장전산고,*,*,*,*,*
오지,0,0,0,NNP,*,F,오지,*,*,*,*,*
오천언,0,0,0,NNP,*,T,오천언,*,*,*,*,*
옥스퍼드영어사전,0,0,0,NNP,*,T,옥스퍼드영어사전,*,*,*,*,*
옥편,0,0,0,NNP,*,T,옥편,*,*,*,*,*
옥해,0,0,0,NNP,*,F,옥해,*,*,*,*,*
왈론족,0,0,0,NNP,*,T,왈론족,*,*,*,*,*
왕생론,0,0,0,NNP,*,T,왕생론,*,*,*,*,*
왕생론주,0,0,0,NNP,*,F,왕생론주,*,*,*,*,*
왕생정토론,0,0,0,NNP,*,T,왕생정토론,*,*,*,*,*
왕오천축국전,0,0,0,NNP,*,T,왕오천축국전,*,*,*,*,*
왜사일기,0,0,0,NNP,*,F,왜사일기,*,*,*,*,*
왜어유해,0,0,0,NNP,*,F,왜어유해,*,*,*,*,*
왜인전,0,0,0,NNP,*,T,왜인전,*,*,*,*,*
외오아,0,0,0,NNP,*,F,외오아,*,*,*,*,*
외올,0,0,0,NNP,*,T,외올,*,*,*,*,*
외올아,0,0,0,NNP,*,F,외올아,*,*,*,*,*
요가수트라,0,0,0,NNP,*,F,요가수트라,*,*,*,*,*
요만,0,0,0,NNP,*,T,요만,*,*,*,*,*
요사,0,0,0,NNP,*,F,요사,*,*,*,*,*
요족,0,0,0,NNP,*,T,요족,*,*,*,*,*
용감수감,0,0,0,NNP,*,T,용감수감,*,*,*,*,*
용감수경,0,0,0,NNP,*,T,용감수경,*,*,*,*,*
용도공안,0,0,0,NNP,*,T,용도공안,*,*,*,*,*
용만문견록,0,0,0,NNP,*,T,용만문견록,*,*,*,*,*
용성쌍의록,0,0,0,NNP,*,T,용성쌍의록,*,*,*,*,*
우공,0,0,0,NNP,*,T,우공,*,*,*,*,*
우두신설,0,0,0,NNP,*,T,우두신설,*,*,*,*,*
우리말본,0,0,0,NNP,*,T,우리말본,*,*,*,*,*
우마양저염역병치료방,0,0,0,NNP,*,T,우마양저염역병치료방,*,*,*,*,*
우서,0,0,0,NNP,*,F,우서,*,*,*,*,*
우신예찬,0,0,0,NNP,*,T,우신예찬,*,*,*,*,*
우암집,0,0,0,NNP,*,T,우암집,*,*,*,*,*
우암후집,0,0,0,NNP,*,T,우암후집,*,*,*,*,*
우주두율,0,0,0,NNP,*,T,우주두율,*,*,*,*,*
우해이어보,0,0,0,NNP,*,F,우해이어보,*,*,*,*,*
운경,0,0,0,NNP,*,T,운경,*,*,*,*,*
운고,0,0,0,NNP,*,F,운고,*,*,*,*,*
운서,0,0,0,NNP,*,F,운서,*,*,*,*,*
운책,0,0,0,NNP,*,T,운책,*,*,*,*,*
운회옥편,0,0,0,NNP,*,T,운회옥편,*,*,*,*,*
울요자,0,0,0,NNP,*,F,울요자,*,*,*,*,*
원각경언해,0,0,0,NNP,*,F,원각경언해,*,*,*,*,*
원기시학활법전서,0,0,0,NNP,*,F,원기시학활법전서,*,*,*,*,*
원기활법,0,0,0,NNP,*,T,원기활법,*,*,*,*,*
원도,0,0,0,NNP,*,F,원도,*,*,*,*,*
원도성세훈,0,0,0,NNP,*,T,원도성세훈,*,*,*,*,*
원력편,0,0,0,NNP,*,T,원력편,*,*,*,*,*
원사,0,0,0,NNP,*,F,원사,*,*,*,*,*
원시선,0,0,0,NNP,*,T,원시선,*,*,*,*,*
원육전,0,0,0,NNP,*,T,원육전,*,*,*,*,*
원전,0,0,0,NNP,*,T,원전,*,*,*,*,*
원조비사,0,0,0,NNP,*,F,원조비사,*,*,*,*,*
원종문류,0,0,0,NNP,*,F,원종문류,*,*,*,*,*
원주경,0,0,0,NNP,*,T,원주경,*,*,*,*,*
원화군현지,0,0,0,NNP,*,F,원화군현지,*,*,*,*,*
원화성찬,0,0,0,NNP,*,T,원화성찬,*,*,*,*,*
월사집,0,0,0,NNP,*,T,월사집,*,*,*,*,*
월헌집,0,0,0,NNP,*,T,월헌집,*,*,*,*,*
위구르,0,0,0,NNP,*,F,위구르,*,*,*,*,*
위서,0,0,0,NNP,*,F,위서,*,*,*,*,*
위지,0,0,0,NNP,*,F,위지,*,*,*,*,*
위흘,0,0,0,NNP,*,T,위흘,*,*,*,*,*
윈저가,0,0,0,NNP,*,F,윈저가,*,*,*,*,*
유가론,0,0,0,NNP,*,T,유가론,*,*,*,*,*
유가사지론,0,0,0,NNP,*,T,유가사지론,*,*,*,*,*
유기,0,0,0,NNP,*,F,유기,*,*,*,*,*
유니언잭,0,0,0,NNP,*,T,유니언잭,*,*,*,*,*
유럽인종,0,0,0,NNP,*,T,유럽인종,*,*,*,*,*
유레카계획,0,0,0,NNP,*,T,유레카계획,*,*,*,*,*
유력천축기전,0,0,0,NNP,*,T,유력천축기전,*,*,*,*,*
유마경소,0,0,0,NNP,*,F,유마경소,*,*,*,*,*
유물론과경험비판론,0,0,0,NNP,*,T,유물론과경험비판론,*,*,*,*,*
유색인,0,0,0,NNP,*,T,유색인,*,*,*,*,*
유색인종,0,0,0,NNP,*,T,유색인종,*,*,*,*,*
유서필지,0,0,0,NNP,*,F,유서필지,*,*,*,*,*
유선서,0,0,0,NNP,*,F,유선서,*,*,*,*,*
유스티니아누스법전,0,0,0,NNP,*,T,유스티니아누스법전,*,*,*,*,*
유식삼십송,0,0,0,NNP,*,T,유식삼십송,*,*,*,*,*
유심재집,0,0,0,NNP,*,T,유심재집,*,*,*,*,*
유원총보,0,0,0,NNP,*,F,유원총보,*,*,*,*,*
유카기르족,0,0,0,NNP,*,T,유카기르족,*,*,*,*,*
유태인,0,0,0,NNP,*,T,유태인,*,*,*,*,*
유학경위,0,0,0,NNP,*,F,유학경위,*,*,*,*,*
유합,0,0,0,NNP,*,T,유합,*,*,*,*,*
유향열녀전언해,0,0,0,NNP,*,F,유향열녀전언해,*,*,*,*,*
육가잡영,0,0,0,NNP,*,T,육가잡영,*,*,*,*,*
육경,0,0,0,NNP,*,T,육경,*,*,*,*,*
육국사,0,0,0,NNP,*,F,육국사,*,*,*,*,*
육도,0,0,0,NNP,*,F,육도,*,*,*,*,*
육도삼략,0,0,0,NNP,*,T,육도삼략,*,*,*,*,*
육례의집,0,0,0,NNP,*,T,육례의집,*,*,*,*,*
육서심원,0,0,0,NNP,*,T,육서심원,*,*,*,*,*
육선생유고,0,0,0,NNP,*,F,육선생유고,*,*,*,*,*
육선생유묵,0,0,0,NNP,*,T,육선생유묵,*,*,*,*,*
육십민주항쟁기념일,0,0,0,NNP,*,T,육십민주항쟁기념일,*,*,*,*,*
육이오사변일,0,0,0,NNP,*,T,육이오사변일,*,*,*,*,*
육재자서,0,0,0,NNP,*,F,육재자서,*,*,*,*,*
육적,0,0,0,NNP,*,T,육적,*,*,*,*,*
육전조례,0,0,0,NNP,*,F,육전조례,*,*,*,*,*
육조법보단경언해,0,0,0,NNP,*,F,육조법보단경언해,*,*,*,*,*
육조언해,0,0,0,NNP,*,F,육조언해,*,*,*,*,*
윤음언해,0,0,0,NNP,*,F,윤음언해,*,*,*,*,*
윤지당유고,0,0,0,NNP,*,F,윤지당유고,*,*,*,*,*
율곡전서,0,0,0,NNP,*,F,율곡전서,*,*,*,*,*
율려정의,0,0,0,NNP,*,F,율려정의,*,*,*,*,*
율력연원,0,0,0,NNP,*,T,율력연원,*,*,*,*,*
은대선생안,0,0,0,NNP,*,T,은대선생안,*,*,*,*,*
은대조례,0,0,0,NNP,*,F,은대조례,*,*,*,*,*
은둔의나라한국,0,0,0,NNP,*,T,은둔의나라한국,*,*,*,*,*
은력보,0,0,0,NNP,*,F,은력보,*,*,*,*,*
은봉야사별록,0,0,0,NNP,*,T,은봉야사별록,*,*,*,*,*
은봉전서,0,0,0,NNP,*,F,은봉전서,*,*,*,*,*
은자의황혼,0,0,0,NNP,*,T,은자의황혼,*,*,*,*,*
은중경언해,0,0,0,NNP,*,F,은중경언해,*,*,*,*,*
음경,0,0,0,NNP,*,T,음경,*,*,*,*,*
음역지장경,0,0,0,NNP,*,T,음역지장경,*,*,*,*,*
음운첩고,0,0,0,NNP,*,F,음운첩고,*,*,*,*,*
읍취헌유고,0,0,0,NNP,*,F,읍취헌유고,*,*,*,*,*
의기집설,0,0,0,NNP,*,T,의기집설,*,*,*,*,*
의례,0,0,0,NNP,*,F,의례,*,*,*,*,*
의례문해,0,0,0,NNP,*,F,의례문해,*,*,*,*,*
의례유설,0,0,0,NNP,*,T,의례유설,*,*,*,*,*
의문보감,0,0,0,NNP,*,T,의문보감,*,*,*,*,*
의방유취,0,0,0,NNP,*,F,의방유취,*,*,*,*,*
의산문답,0,0,0,NNP,*,T,의산문답,*,*,*,*,*
의상철학,0,0,0,NNP,*,T,의상철학,*,*,*,*,*
의유당관북유람일기,0,0,0,NNP,*,F,의유당관북유람일기,*,*,*,*,*
의유당일기,0,0,0,NNP,*,F,의유당일기,*,*,*,*,*
의장반차도,0,0,0,NNP,*,F,의장반차도,*,*,*,*,*
의주,0,0,0,NNP,*,F,의주,*,*,*,*,*
의지와표상으로서의세계,0,0,0,NNP,*,F,의지와표상으로서의세계,*,*,*,*,*
의학전범,0,0,0,NNP,*,T,의학전범,*,*,*,*,*
이것이냐저것이냐,0,0,0,NNP,*,F,이것이냐저것이냐,*,*,*,*,*
이견지,0,0,0,NNP,*,F,이견지,*,*,*,*,*
이고로트족,0,0,0,NNP,*,T,이고로트족,*,*,*,*,*
이누이트,0,0,0,NNP,*,F,이누이트,*,*,*,*,*
이담속찬,0,0,0,NNP,*,T,이담속찬,*,*,*,*,*
이두집성,0,0,0,NNP,*,T,이두집성,*,*,*,*,*
이두편람,0,0,0,NNP,*,T,이두편람,*,*,*,*,*
이란인,0,0,0,NNP,*,T,이란인,*,*,*,*,*
이례연집,0,0,0,NNP,*,T,이례연집,*,*,*,*,*
이로쿼이족,0,0,0,NNP,*,T,이로쿼이족,*,*,*,*,*
이로파,0,0,0,NNP,*,F,이로파,*,*,*,*,*
이륜행실도,0,0,0,NNP,*,F,이륜행실도,*,*,*,*,*
이문집람,0,0,0,NNP,*,T,이문집람,*,*,*,*,*
이반족,0,0,0,NNP,*,T,이반족,*,*,*,*,*
이보족,0,0,0,NNP,*,T,이보족,*,*,*,*,*
이스라엘인,0,0,0,NNP,*,T,이스라엘인,*,*,*,*,*
이십사사,0,0,0,NNP,*,F,이십사사,*,*,*,*,*
이십세기라루스,0,0,0,NNP,*,F,이십세기라루스,*,*,*,*,*
이십오사,0,0,0,NNP,*,F,이십오사,*,*,*,*,*
이십이사,0,0,0,NNP,*,F,이십이사,*,*,*,*,*
이십이사차기,0,0,0,NNP,*,F,이십이사차기,*,*,*,*,*
이십일사,0,0,0,NNP,*,F,이십일사,*,*,*,*,*
이아,0,0,0,NNP,*,F,이아,*,*,*,*,*
이언,0,0,0,NNP,*,T,이언,*,*,*,*,*
이장의,0,0,0,NNP,*,F,이장의,*,*,*,*,*
이재유고,0,0,0,NNP,*,F,이재유고,*,*,*,*,*
이전,0,0,0,NNP,*,T,이전,*,*,*,*,*
이정전서,0,0,0,NNP,*,F,이정전서,*,*,*,*,*
이조법전고,0,0,0,NNP,*,F,이조법전고,*,*,*,*,*
이조실록,0,0,0,NNP,*,T,이조실록,*,*,*,*,*
이조어필언간집,0,0,0,NNP,*,T,이조어필언간집,*,*,*,*,*
이족,0,0,0,NNP,*,T,이족,*,*,*,*,*
이충무공난중일기초,0,0,0,NNP,*,F,이충무공난중일기초,*,*,*,*,*
이충무공전서,0,0,0,NNP,*,F,이충무공전서,*,*,*,*,*
이태리인,0,0,0,NNP,*,T,이태리인,*,*,*,*,*
이태조호적원본,0,0,0,NNP,*,T,이태조호적원본,*,*,*,*,*
이푸가오족,0,0,0,NNP,*,T,이푸가오족,*,*,*,*,*
익재소악부,0,0,0,NNP,*,F,익재소악부,*,*,*,*,*
인간교육,0,0,0,NNP,*,T,인간교육,*,*,*,*,*
인간기계론,0,0,0,NNP,*,T,인간기계론,*,*,*,*,*
인간불평등기원론,0,0,0,NNP,*,T,인간불평등기원론,*,*,*,*,*
인간오성론,0,0,0,NNP,*,T,인간오성론,*,*,*,*,*
인간의역사,0,0,0,NNP,*,F,인간의역사,*,*,*,*,*
인간적인너무나인간적인것,0,0,0,NNP,*,T,인간적인너무나인간적인것,*,*,*,*,*
인도ㆍ아리아인,0,0,0,NNP,*,T,인도ㆍ아리아인,*,*,*,*,*
인도네시아제족,0,0,0,NNP,*,T,인도네시아제족,*,*,*,*,*
인도네시아족,0,0,0,NNP,*,T,인도네시아족,*,*,*,*,*
인도스키타이족,0,0,0,NNP,*,T,인도스키타이족,*,*,*,*,*
인디언,0,0,0,NNP,*,T,인디언,*,*,*,*,*
인물고,0,0,0,NNP,*,F,인물고,*,*,*,*,*
인생론,0,0,0,NNP,*,T,인생론,*,*,*,*,*
인성론,0,0,0,NNP,*,T,인성론,*,*,*,*,*
인어대방,0,0,0,NNP,*,T,인어대방,*,*,*,*,*
인조실록,0,0,0,NNP,*,T,인조실록,*,*,*,*,*
인종실록,0,0,0,NNP,*,T,인종실록,*,*,*,*,*
인학,0,0,0,NNP,*,T,인학,*,*,*,*,*
일득록,0,0,0,NNP,*,T,일득록,*,*,*,*,*
일로카노족,0,0,0,NNP,*,T,일로카노족,*,*,*,*,*
일반국가학,0,0,0,NNP,*,T,일반국가학,*,*,*,*,*
일반언어학강의,0,0,0,NNP,*,F,일반언어학강의,*,*,*,*,*
일반이론,0,0,0,NNP,*,T,일반이론,*,*,*,*,*
일본기,0,0,0,NNP,*,F,일본기,*,*,*,*,*
일본서기,0,0,0,NNP,*,F,일본서기,*,*,*,*,*
일성록,0,0,0,NNP,*,T,일성록,*,*,*,*,*
일지록,0,0,0,NNP,*,T,일지록,*,*,*,*,*
임노동과자본,0,0,0,NNP,*,T,임노동과자본,*,*,*,*,*
임원경제십육지,0,0,0,NNP,*,F,임원경제십육지,*,*,*,*,*
임원십육지,0,0,0,NNP,*,F,임원십육지,*,*,*,*,*
임천고치,0,0,0,NNP,*,F,임천고치,*,*,*,*,*
임충민공실기,0,0,0,NNP,*,F,임충민공실기,*,*,*,*,*
입학도설,0,0,0,NNP,*,T,입학도설,*,*,*,*,*
자관,0,0,0,NNP,*,T,자관,*,*,*,*,*
자궁악장,0,0,0,NNP,*,T,자궁악장,*,*,*,*,*
자류주석,0,0,0,NNP,*,T,자류주석,*,*,*,*,*
자류주해,0,0,0,NNP,*,F,자류주해,*,*,*,*,*
자모변,0,0,0,NNP,*,T,자모변,*,*,*,*,*
자바인,0,0,0,NNP,*,T,자바인,*,*,*,*,*
자본론,0,0,0,NNP,*,T,자본론,*,*,*,*,*
자사자,0,0,0,NNP,*,F,자사자,*,*,*,*,*
자산어보,0,0,0,NNP,*,F,자산어보,*,*,*,*,*
자성록,0,0,0,NNP,*,T,자성록,*,*,*,*,*
자연보호헌장,0,0,0,NNP,*,T,자연보호헌장,*,*,*,*,*
자연의체계,0,0,0,NNP,*,F,자연의체계,*,*,*,*,*
자연철학의수학적원리,0,0,0,NNP,*,F,자연철학의수학적원리,*,*,*,*,*
자유로부터의도피,0,0,0,NNP,*,F,자유로부터의도피,*,*,*,*,*
자유론,0,0,0,NNP,*,T,자유론,*,*,*,*,*
자유인선언,0,0,0,NNP,*,T,자유인선언,*,*,*,*,*
자유해론,0,0,0,NNP,*,T,자유해론,*,*,*,*,*
자전석요,0,0,0,NNP,*,F,자전석요,*,*,*,*,*
자조론,0,0,0,NNP,*,T,자조론,*,*,*,*,*
자치통감,0,0,0,NNP,*,T,자치통감,*,*,*,*,*
자치통감강목,0,0,0,NNP,*,T,자치통감강목,*,*,*,*,*
자파드니키,0,0,0,NNP,*,F,자파드니키,*,*,*,*,*
자휘,0,0,0,NNP,*,F,자휘,*,*,*,*,*
자휼전칙,0,0,0,NNP,*,T,자휼전칙,*,*,*,*,*
작업장관리론,0,0,0,NNP,*,T,작업장관리론,*,*,*,*,*
잠곡필담,0,0,0,NNP,*,T,잠곡필담,*,*,*,*,*
잠부론,0,0,0,NNP,*,T,잠부론,*,*,*,*,*
잠상촬요,0,0,0,NNP,*,F,잠상촬요,*,*,*,*,*
잠서언해,0,0,0,NNP,*,F,잠서언해,*,*,*,*,*
잡고,0,0,0,NNP,*,F,잡고,*,*,*,*,*
잡동산이,0,0,0,NNP,*,F,잡동산이,*,*,*,*,*
잡방집성,0,0,0,NNP,*,T,잡방집성,*,*,*,*,*
장애인의날,0,0,0,NNP,*,T,장애인의날,*,*,*,*,*
장자,0,0,0,NNP,*,F,장자,*,*,*,*,*
장절공유사,0,0,0,NNP,*,F,장절공유사,*,*,*,*,*
장졸와실기,0,0,0,NNP,*,F,장졸와실기,*,*,*,*,*
재물보,0,0,0,NNP,*,F,재물보,*,*,*,*,*
재이고,0,0,0,NNP,*,F,재이고,*,*,*,*,*
재향군인의날,0,0,0,NNP,*,T,재향군인의날,*,*,*,*,*
저축의날,0,0,0,NNP,*,T,저축의날,*,*,*,*,*
적기,0,0,0,NNP,*,F,적기,*,*,*,*,*
적십자의날,0,0,0,NNP,*,T,적십자의날,*,*,*,*,*
전국책,0,0,0,NNP,*,T,전국책,*,*,*,*,*
전당문,0,0,0,NNP,*,T,전당문,*,*,*,*,*
전당시,0,0,0,NNP,*,F,전당시,*,*,*,*,*
전당시록,0,0,0,NNP,*,T,전당시록,*,*,*,*,*
전당시화,0,0,0,NNP,*,F,전당시화,*,*,*,*,*
전등,0,0,0,NNP,*,T,전등,*,*,*,*,*
전등록,0,0,0,NNP,*,T,전등록,*,*,*,*,*
전록통고,0,0,0,NNP,*,F,전록통고,*,*,*,*,*
전론,0,0,0,NNP,*,T,전론,*,*,*,*,*
전본,0,0,0,NNP,*,T,전본,*,*,*,*,*
전상평화,0,0,0,NNP,*,F,전상평화,*,*,*,*,*
전습록,0,0,0,NNP,*,T,전습록,*,*,*,*,*
전운옥편,0,0,0,NNP,*,T,전운옥편,*,*,*,*,*
전율통보,0,0,0,NNP,*,F,전율통보,*,*,*,*,*
전쟁론,0,0,0,NNP,*,T,전쟁론,*,*,*,*,*
전판,0,0,0,NNP,*,T,전판,*,*,*,*,*
전한서,0,0,0,NNP,*,F,전한서,*,*,*,*,*
절곡집,0,0,0,NNP,*,T,절곡집,*,*,*,*,*
절묘호사,0,0,0,NNP,*,F,절묘호사,*,*,*,*,*
절운,0,0,0,NNP,*,T,절운,*,*,*,*,*
정감록,0,0,0,NNP,*,T,정감록,*,*,*,*,*
정계,0,0,0,NNP,*,F,정계,*,*,*,*,*
정관정요,0,0,0,NNP,*,F,정관정요,*,*,*,*,*
정기록,0,0,0,NNP,*,T,정기록,*,*,*,*,*
정리의궤,0,0,0,NNP,*,F,정리의궤,*,*,*,*,*
정보통신의날,0,0,0,NNP,*,T,정보통신의날,*,*,*,*,*
정속언해,0,0,0,NNP,*,F,정속언해,*,*,*,*,*
정신분석입문,0,0,0,NNP,*,T,정신분석입문,*,*,*,*,*
정신현상학,0,0,0,NNP,*,T,정신현상학,*,*,*,*,*
정원일기,0,0,0,NNP,*,F,정원일기,*,*,*,*,*
정음,0,0,0,NNP,*,T,정음,*,*,*,*,*
정음종훈,0,0,0,NNP,*,T,정음종훈,*,*,*,*,*
정음통석,0,0,0,NNP,*,T,정음통석,*,*,*,*,*
정의당전서,0,0,0,NNP,*,F,정의당전서,*,*,*,*,*
정자통,0,0,0,NNP,*,T,정자통,*,*,*,*,*
정조수필일기,0,0,0,NNP,*,F,정조수필일기,*,*,*,*,*
정조실록,0,0,0,NNP,*,T,정조실록,*,*,*,*,*
정종실록,0,0,0,NNP,*,T,정종실록,*,*,*,*,*
정치경제학원리,0,0,0,NNP,*,F,정치경제학원리,*,*,*,*,*
정토론,0,0,0,NNP,*,T,정토론,*,*,*,*,*
제가역상집,0,0,0,NNP,*,T,제가역상집,*,*,*,*,*
제국주의론,0,0,0,NNP,*,T,제국주의론,*,*,*,*,*
제론,0,0,0,NNP,*,T,제론,*,*,*,*,*
제민요술,0,0,0,NNP,*,T,제민요술,*,*,*,*,*
제번지,0,0,0,NNP,*,F,제번지,*,*,*,*,*
제범,0,0,0,NNP,*,T,제범,*,*,*,*,*
제병원후론,0,0,0,NNP,*,T,제병원후론,*,*,*,*,*
제삼의물결,0,0,0,NNP,*,T,제삼의물결,*,*,*,*,*
제승방략,0,0,0,NNP,*,T,제승방략,*,*,*,*,*
제시,0,0,0,NNP,*,F,제시,*,*,*,*,*
제왕운기,0,0,0,NNP,*,F,제왕운기,*,*,*,*,*
제이의성,0,0,0,NNP,*,T,제이의성,*,*,*,*,*
제이차세계대전,0,0,0,NNP,*,T,제이차세계대전,*,*,*,*,*
제중신편,0,0,0,NNP,*,T,제중신편,*,*,*,*,*
조선경국전,0,0,0,NNP,*,T,조선경국전,*,*,*,*,*
조선고적도보,0,0,0,NNP,*,F,조선고적도보,*,*,*,*,*
조선과학사,0,0,0,NNP,*,F,조선과학사,*,*,*,*,*
조선관역어,0,0,0,NNP,*,F,조선관역어,*,*,*,*,*
조선금석총람,0,0,0,NNP,*,T,조선금석총람,*,*,*,*,*
조선도서해제,0,0,0,NNP,*,F,조선도서해제,*,*,*,*,*
조선문자급어학사,0,0,0,NNP,*,F,조선문자급어학사,*,*,*,*,*
조선문전,0,0,0,NNP,*,T,조선문전,*,*,*,*,*
조선보부상고,0,0,0,NNP,*,F,조선보부상고,*,*,*,*,*
조선복식고,0,0,0,NNP,*,F,조선복식고,*,*,*,*,*
조선부,0,0,0,NNP,*,F,조선부,*,*,*,*,*
조선불교유신론,0,0,0,NNP,*,T,조선불교유신론,*,*,*,*,*
조선사,0,0,0,NNP,*,F,조선사,*,*,*,*,*
조선상고사감,0,0,0,NNP,*,T,조선상고사감,*,*,*,*,*
조선서지,0,0,0,NNP,*,F,조선서지,*,*,*,*,*
조선소설사,0,0,0,NNP,*,F,조선소설사,*,*,*,*,*
조선수경,0,0,0,NNP,*,T,조선수경,*,*,*,*,*
조선어문법,0,0,0,NNP,*,T,조선어문법,*,*,*,*,*
조선왕조실록,0,0,0,NNP,*,T,조선왕조실록,*,*,*,*,*
조선정감,0,0,0,NNP,*,T,조선정감,*,*,*,*,*
조선책략,0,0,0,NNP,*,T,조선책략,*,*,*,*,*
조선학회,0,0,0,NNP,*,F,조선학회,*,*,*,*,*
조세의날,0,0,0,NNP,*,T,조세의날,*,*,*,*,*
조야집요,0,0,0,NNP,*,F,조야집요,*,*,*,*,*
조야첨재,0,0,0,NNP,*,F,조야첨재,*,*,*,*,*
조야회통,0,0,0,NNP,*,T,조야회통,*,*,*,*,*
조어대전,0,0,0,NNP,*,T,조어대전,*,*,*,*,*
조정사원,0,0,0,NNP,*,T,조정사원,*,*,*,*,*
조지아족,0,0,0,NNP,*,T,조지아족,*,*,*,*,*
존언,0,0,0,NNP,*,T,존언,*,*,*,*,*
존재와무,0,0,0,NNP,*,F,존재와무,*,*,*,*,*
존재와시간,0,0,0,NNP,*,T,존재와시간,*,*,*,*,*
존전집,0,0,0,NNP,*,T,존전집,*,*,*,*,*
졸고천백,0,0,0,NNP,*,T,졸고천백,*,*,*,*,*
종두심법요지,0,0,0,NNP,*,F,종두심법요지,*,*,*,*,*
종원론,0,0,0,NNP,*,T,종원론,*,*,*,*,*
종의기원,0,0,0,NNP,*,T,종의기원,*,*,*,*,*
종저보,0,0,0,NNP,*,F,종저보,*,*,*,*,*
종정연표,0,0,0,NNP,*,F,종정연표,*,*,*,*,*
좌국사한,0,0,0,NNP,*,T,좌국사한,*,*,*,*,*
좌씨전,0,0,0,NNP,*,T,좌씨전,*,*,*,*,*
좌씨춘추전,0,0,0,NNP,*,T,좌씨춘추전,*,*,*,*,*
좌전,0,0,0,NNP,*,T,좌전,*,*,*,*,*
좌해쌍절,0,0,0,NNP,*,T,좌해쌍절,*,*,*,*,*
죄유록,0,0,0,NNP,*,T,죄유록,*,*,*,*,*
주교지남,0,0,0,NNP,*,T,주교지남,*,*,*,*,*
주례,0,0,0,NNP,*,F,주례,*,*,*,*,*
주비,0,0,0,NNP,*,F,주비,*,*,*,*,*
주서,0,0,0,NNP,*,F,주서,*,*,*,*,*
주역,0,0,0,NNP,*,T,주역,*,*,*,*,*
주역언해,0,0,0,NNP,*,F,주역언해,*,*,*,*,*
주역질의,0,0,0,NNP,*,F,주역질의,*,*,*,*,*
주영편,0,0,0,NNP,*,T,주영편,*,*,*,*,*
주자가례,0,0,0,NNP,*,F,주자가례,*,*,*,*,*
주자서절요,0,0,0,NNP,*,F,주자서절요,*,*,*,*,*
주자어류,0,0,0,NNP,*,F,주자어류,*,*,*,*,*
주자증손여씨향약,0,0,0,NNP,*,T,주자증손여씨향약,*,*,*,*,*
죽계지,0,0,0,NNP,*,F,죽계지,*,*,*,*,*
죽서기년,0,0,0,NNP,*,T,죽서기년,*,*,*,*,*
죽음에이르는병,0,0,0,NNP,*,T,죽음에이르는병,*,*,*,*,*
준생팔전,0,0,0,NNP,*,T,준생팔전,*,*,*,*,*
중간노걸대,0,0,0,NNP,*,F,중간노걸대,*,*,*,*,*
중간노걸대언해,0,0,0,NNP,*,F,중간노걸대언해,*,*,*,*,*
중론,0,0,0,NNP,*,T,중론,*,*,*,*,*
중문자,0,0,0,NNP,*,F,중문자,*,*,*,*,*
중문자중설,0,0,0,NNP,*,T,중문자중설,*,*,*,*,*
중설,0,0,0,NNP,*,T,중설,*,*,*,*,*
중앙아시아탐험기,0,0,0,NNP,*,F,중앙아시아탐험기,*,*,*,*,*
중용,0,0,0,NNP,*,T,중용,*,*,*,*,*
중용구경연의,0,0,0,NNP,*,F,중용구경연의,*,*,*,*,*
중용언해,0,0,0,NNP,*,F,중용언해,*,*,*,*,*
중용자잠,0,0,0,NNP,*,T,중용자잠,*,*,*,*,*
중용정음,0,0,0,NNP,*,T,중용정음,*,*,*,*,*
중종실록,0,0,0,NNP,*,T,중종실록,*,*,*,*,*
증도가남명계송언해,0,0,0,NNP,*,F,증도가남명계송언해,*,*,*,*,*
증보문헌비고,0,0,0,NNP,*,F,증보문헌비고,*,*,*,*,*
증보산림경제,0,0,0,NNP,*,F,증보산림경제,*,*,*,*,*
증수무원록,0,0,0,NNP,*,T,증수무원록,*,*,*,*,*
증수무원록언해,0,0,0,NNP,*,F,증수무원록언해,*,*,*,*,*
증자,0,0,0,NNP,*,F,증자,*,*,*,*,*
증정교린지,0,0,0,NNP,*,F,증정교린지,*,*,*,*,*
지구전도,0,0,0,NNP,*,F,지구전도,*,*,*,*,*
지구전요,0,0,0,NNP,*,F,지구전요,*,*,*,*,*
지리학교정,0,0,0,NNP,*,T,지리학교정,*,*,*,*,*
지봉유설,0,0,0,NNP,*,T,지봉유설,*,*,*,*,*
지봉집,0,0,0,NNP,*,T,지봉집,*,*,*,*,*
지부족재총서,0,0,0,NNP,*,F,지부족재총서,*,*,*,*,*
지산집,0,0,0,NNP,*,T,지산집,*,*,*,*,*
지원가화지,0,0,0,NNP,*,F,지원가화지,*,*,*,*,*
지원록,0,0,0,NNP,*,T,지원록,*,*,*,*,*
지장경언해,0,0,0,NNP,*,F,지장경언해,*,*,*,*,*
지적의날,0,0,0,NNP,*,T,지적의날,*,*,*,*,*
지정금릉신지,0,0,0,NNP,*,F,지정금릉신지,*,*,*,*,*
지정사명속지,0,0,0,NNP,*,F,지정사명속지,*,*,*,*,*
지정직기,0,0,0,NNP,*,F,지정직기,*,*,*,*,*
지중해인종,0,0,0,NNP,*,T,지중해인종,*,*,*,*,*
지질학원리,0,0,0,NNP,*,F,지질학원리,*,*,*,*,*
지킬박사와하이드씨,0,0,0,NNP,*,F,지킬박사와하이드씨,*,*,*,*,*
직방외기,0,0,0,NNP,*,F,직방외기,*,*,*,*,*
직재서록해제,0,0,0,NNP,*,F,직재서록해제,*,*,*,*,*
진기,0,0,0,NNP,*,F,진기,*,*,*,*,*
진단학보,0,0,0,NNP,*,F,진단학보,*,*,*,*,*
진법,0,0,0,NNP,*,T,진법,*,*,*,*,*
진서,0,0,0,NNP,*,F,진서,*,*,*,*,*
진설,0,0,0,NNP,*,T,진설,*,*,*,*,*
진양악서,0,0,0,NNP,*,F,진양악서,*,*,*,*,*
진언집,0,0,0,NNP,*,T,진언집,*,*,*,*,*
진중일기,0,0,0,NNP,*,F,진중일기,*,*,*,*,*
집고산경,0,0,0,NNP,*,T,집고산경,*,*,*,*,*
집운,0,0,0,NNP,*,T,집운,*,*,*,*,*
징비록,0,0,0,NNP,*,T,징비록,*,*,*,*,*
징포,0,0,0,NNP,*,F,징포,*,*,*,*,*
차모로족,0,0,0,NNP,*,T,차모로족,*,*,*,*,*
참인,0,0,0,NNP,*,T,참인,*,*,*,*,*
참족,0,0,0,NNP,*,T,참족,*,*,*,*,*
창랑보,0,0,0,NNP,*,F,창랑보,*,*,*,*,*
창랑시화,0,0,0,NNP,*,F,창랑시화,*,*,*,*,*
창의록,0,0,0,NNP,*,T,창의록,*,*,*,*,*
창조적진화,0,0,0,NNP,*,F,창조적진화,*,*,*,*,*
창힐편,0,0,0,NNP,*,T,창힐편,*,*,*,*,*
채근담,0,0,0,NNP,*,T,채근담,*,*,*,*,*
척사윤음,0,0,0,NNP,*,T,척사윤음,*,*,*,*,*
천계의회전에대하여,0,0,0,NNP,*,F,천계의회전에대하여,*,*,*,*,*
천공개물,0,0,0,NNP,*,T,천공개물,*,*,*,*,*
천동상위고,0,0,0,NNP,*,F,천동상위고,*,*,*,*,*
천명도설,0,0,0,NNP,*,T,천명도설,*,*,*,*,*
천문대화,0,0,0,NNP,*,F,천문대화,*,*,*,*,*
천문유초,0,0,0,NNP,*,F,천문유초,*,*,*,*,*
천배록,0,0,0,NNP,*,T,천배록,*,*,*,*,*
천상열차분야지도,0,0,0,NNP,*,F,천상열차분야지도,*,*,*,*,*
천수경,0,0,0,NNP,*,T,천수경,*,*,*,*,*
천연론,0,0,0,NNP,*,T,천연론,*,*,*,*,*
천의소감,0,0,0,NNP,*,T,천의소감,*,*,*,*,*
천의소감언해,0,0,0,NNP,*,F,천의소감언해,*,*,*,*,*
천자,0,0,0,NNP,*,F,천자,*,*,*,*,*
천자문,0,0,0,NNP,*,T,천자문,*,*,*,*,*
천자책,0,0,0,NNP,*,T,천자책,*,*,*,*,*
천주실의,0,0,0,NNP,*,F,천주실의,*,*,*,*,*
천체의회전에관하여,0,0,0,NNP,*,F,천체의회전에관하여,*,*,*,*,*
천하군국이병서,0,0,0,NNP,*,F,천하군국이병서,*,*,*,*,*
철경,0,0,0,NNP,*,T,철경,*,*,*,*,*
철도의날,0,0,0,NNP,*,T,철도의날,*,*,*,*,*
철십자훈장,0,0,0,NNP,*,T,철십자훈장,*,*,*,*,*
철종실록,0,0,0,NNP,*,T,철종실록,*,*,*,*,*
철학서간,0,0,0,NNP,*,T,철학서간,*,*,*,*,*
첩해몽어,0,0,0,NNP,*,F,첩해몽어,*,*,*,*,*
첩해신어,0,0,0,NNP,*,F,첩해신어,*,*,*,*,*
첩해신어문석,0,0,0,NNP,*,T,첩해신어문석,*,*,*,*,*
청강소설,0,0,0,NNP,*,T,청강소설,*,*,*,*,*
청구가요,0,0,0,NNP,*,F,청구가요,*,*,*,*,*
청구도,0,0,0,NNP,*,F,청구도,*,*,*,*,*
청구선표도,0,0,0,NNP,*,F,청구선표도,*,*,*,*,*
청구악장,0,0,0,NNP,*,T,청구악장,*,*,*,*,*
청구영언,0,0,0,NNP,*,T,청구영언,*,*,*,*,*
청구풍아,0,0,0,NNP,*,F,청구풍아,*,*,*,*,*
청낭,0,0,0,NNP,*,T,청낭,*,*,*,*,*
청낭비결,0,0,0,NNP,*,T,청낭비결,*,*,*,*,*
청낭중서,0,0,0,NNP,*,F,청낭중서,*,*,*,*,*
청량답순종심요법문,0,0,0,NNP,*,T,청량답순종심요법문,*,*,*,*,*
청백리상,0,0,0,NNP,*,T,청백리상,*,*,*,*,*
청사고,0,0,0,NNP,*,F,청사고,*,*,*,*,*
청송지남,0,0,0,NNP,*,T,청송지남,*,*,*,*,*
청실록,0,0,0,NNP,*,T,청실록,*,*,*,*,*
청어노걸대,0,0,0,NNP,*,F,청어노걸대,*,*,*,*,*
청어노걸대신석,0,0,0,NNP,*,T,청어노걸대신석,*,*,*,*,*
청어총해,0,0,0,NNP,*,F,청어총해,*,*,*,*,*
청장관전서,0,0,0,NNP,*,F,청장관전서,*,*,*,*,*
청평산당화본,0,0,0,NNP,*,T,청평산당화본,*,*,*,*,*
체레미스족,0,0,0,NNP,*,T,체레미스족,*,*,*,*,*
체로키족,0,0,0,NNP,*,T,체로키족,*,*,*,*,*
체신기념관,0,0,0,NNP,*,T,체신기념관,*,*,*,*,*
체육상,0,0,0,NNP,*,T,체육상,*,*,*,*,*
체육의날,0,0,0,NNP,*,T,체육의날,*,*,*,*,*
체임버스백과사전,0,0,0,NNP,*,T,체임버스백과사전,*,*,*,*,*
초당시여,0,0,0,NNP,*,F,초당시여,*,*,*,*,*
초사,0,0,0,NNP,*,F,초사,*,*,*,*,*
초자휘,0,0,0,NNP,*,F,초자휘,*,*,*,*,*
초학기,0,0,0,NNP,*,F,초학기,*,*,*,*,*
촉지,0,0,0,NNP,*,F,촉지,*,*,*,*,*
촌담해이,0,0,0,NNP,*,F,촌담해이,*,*,*,*,*
추관지,0,0,0,NNP,*,F,추관지,*,*,*,*,*
추측록,0,0,0,NNP,*,T,추측록,*,*,*,*,*
축치족,0,0,0,NNP,*,T,축치족,*,*,*,*,*
춘관지,0,0,0,NNP,*,F,춘관지,*,*,*,*,*
춘추,0,0,0,NNP,*,F,춘추,*,*,*,*,*
춘추곡량전,0,0,0,NNP,*,T,춘추곡량전,*,*,*,*,*
춘추공양전,0,0,0,NNP,*,T,춘추공양전,*,*,*,*,*
춘추삼전,0,0,0,NNP,*,T,춘추삼전,*,*,*,*,*
춘추외전,0,0,0,NNP,*,T,춘추외전,*,*,*,*,*
춘추전,0,0,0,NNP,*,T,춘추전,*,*,*,*,*
춘추좌씨전,0,0,0,NNP,*,T,춘추좌씨전,*,*,*,*,*
충무공탄신일,0,0,0,NNP,*,T,충무공탄신일,*,*,*,*,*
츠와나족,0,0,0,NNP,*,T,츠와나족,*,*,*,*,*
치우신예찬,0,0,0,NNP,*,T,치우신예찬,*,*,*,*,*
치평요람,0,0,0,NNP,*,T,치평요람,*,*,*,*,*
친족,0,0,0,NNP,*,T,친족,*,*,*,*,*
칠경,0,0,0,NNP,*,T,칠경,*,*,*,*,*
칠대만법,0,0,0,NNP,*,T,칠대만법,*,*,*,*,*
칠대실록,0,0,0,NNP,*,T,칠대실록,*,*,*,*,*
칠략,0,0,0,NNP,*,T,칠략,*,*,*,*,*
칠사,0,0,0,NNP,*,F,칠사,*,*,*,*,*
칠서,0,0,0,NNP,*,F,칠서,*,*,*,*,*
칠서언해,0,0,0,NNP,*,F,칠서언해,*,*,*,*,*
칠수유고,0,0,0,NNP,*,F,칠수유고,*,*,*,*,*
칠정력,0,0,0,NNP,*,T,칠정력,*,*,*,*,*
칠정산,0,0,0,NNP,*,T,칠정산,*,*,*,*,*
칠정세초,0,0,0,NNP,*,F,칠정세초,*,*,*,*,*
침굉집,0,0,0,NNP,*,T,침굉집,*,*,*,*,*
침구경험방,0,0,0,NNP,*,T,침구경험방,*,*,*,*,*
카나카,0,0,0,NNP,*,F,카나카,*,*,*,*,*
카렌인,0,0,0,NNP,*,T,카렌인,*,*,*,*,*
카렌족,0,0,0,NNP,*,T,카렌족,*,*,*,*,*
카렐리아인,0,0,0,NNP,*,T,카렐리아인,*,*,*,*,*
카렐리아족,0,0,0,NNP,*,T,카렐리아족,*,*,*,*,*
카리에라족,0,0,0,NNP,*,T,카리에라족,*,*,*,*,*
카마수트라,0,0,0,NNP,*,F,카마수트라,*,*,*,*,*
카메하메하,0,0,0,NNP,*,F,카메하메하,*,*,*,*,*
카발라,0,0,0,NNP,*,F,카발라,*,*,*,*,*
카시족,0,0,0,NNP,*,T,카시족,*,*,*,*,*
카시트왕조,0,0,0,NNP,*,F,카시트왕조,*,*,*,*,*
카얀족,0,0,0,NNP,*,T,카얀족,*,*,*,*,*
카이족,0,0,0,NNP,*,T,카이족,*,*,*,*,*
카친족,0,0,0,NNP,*,T,카친족,*,*,*,*,*
카피르족,0,0,0,NNP,*,T,카피르족,*,*,*,*,*
칼무크족,0,0,0,NNP,*,T,칼무크족,*,*,*,*,*
칼미크족,0,0,0,NNP,*,T,칼미크족,*,*,*,*,*
칼파수트라,0,0,0,NNP,*,F,칼파수트라,*,*,*,*,*
캄보디아인,0,0,0,NNP,*,T,캄보디아인,*,*,*,*,*
캐너커,0,0,0,NNP,*,F,캐너커,*,*,*,*,*
켈트인,0,0,0,NNP,*,T,켈트인,*,*,*,*,*
코랴크족,0,0,0,NNP,*,T,코랴크족,*,*,*,*,*
코만치,0,0,0,NNP,*,F,코만치,*,*,*,*,*
코먼센스,0,0,0,NNP,*,F,코먼센스,*,*,*,*,*
코카서스인종,0,0,0,NNP,*,T,코카서스인종,*,*,*,*,*
코카시아인종,0,0,0,NNP,*,T,코카시아인종,*,*,*,*,*
콥트인,0,0,0,NNP,*,T,콥트인,*,*,*,*,*
콰키우틀족,0,0,0,NNP,*,T,콰키우틀족,*,*,*,*,*
콰피르인,0,0,0,NNP,*,T,콰피르인,*,*,*,*,*
쿠라이시족,0,0,0,NNP,*,T,쿠라이시족,*,*,*,*,*
쿠르드족,0,0,0,NNP,*,T,쿠르드족,*,*,*,*,*
쿠부족,0,0,0,NNP,*,T,쿠부족,*,*,*,*,*
쿠시족,0,0,0,NNP,*,T,쿠시족,*,*,*,*,*
쿠시트족,0,0,0,NNP,*,T,쿠시트족,*,*,*,*,*
큐식물원,0,0,0,NNP,*,T,큐식물원,*,*,*,*,*
크리스트교강요,0,0,0,NNP,*,F,크리스트교강요,*,*,*,*,*
큰사전,0,0,0,NNP,*,T,큰사전,*,*,*,*,*
클러몬트호,0,0,0,NNP,*,F,클러몬트호,*,*,*,*,*
키스트,0,0,0,NNP,*,F,키스트,*,*,*,*,*
키쿠유족,0,0,0,NNP,*,T,키쿠유족,*,*,*,*,*
킨제이보고,0,0,0,NNP,*,F,킨제이보고,*,*,*,*,*
타갈로그족,0,0,0,NNP,*,T,타갈로그족,*,*,*,*,*
타얄족,0,0,0,NNP,*,T,타얄족,*,*,*,*,*
타이계제족,0,0,0,NNP,*,T,타이계제족,*,*,*,*,*
타이인,0,0,0,NNP,*,T,타이인,*,*,*,*,*
탁지정례,0,0,0,NNP,*,F,탁지정례,*,*,*,*,*
탁지지,0,0,0,NNP,*,F,탁지지,*,*,*,*,*
탈무드,0,0,0,NNP,*,F,탈무드,*,*,*,*,*
태극도설,0,0,0,NNP,*,T,태극도설,*,*,*,*,*
태상감응편,0,0,0,NNP,*,T,태상감응편,*,*,*,*,*
태양의나라,0,0,0,NNP,*,F,태양의나라,*,*,*,*,*
태양의도시,0,0,0,NNP,*,F,태양의도시,*,*,*,*,*
태조실록,0,0,0,NNP,*,T,태조실록,*,*,*,*,*
태종실록,0,0,0,NNP,*,T,태종실록,*,*,*,*,*
태평광기언해,0,0,0,NNP,*,F,태평광기언해,*,*,*,*,*
태평양아시아관광협회,0,0,0,NNP,*,F,태평양아시아관광협회,*,*,*,*,*
태평양지역관광협회,0,0,0,NNP,*,F,태평양지역관광협회,*,*,*,*,*
태평어람,0,0,0,NNP,*,T,태평어람,*,*,*,*,*
태평통재,0,0,0,NNP,*,F,태평통재,*,*,*,*,*
태평한화골계전,0,0,0,NNP,*,T,태평한화골계전,*,*,*,*,*
태현경,0,0,0,NNP,*,T,태현경,*,*,*,*,*
택당집,0,0,0,NNP,*,T,택당집,*,*,*,*,*
택리지,0,0,0,NNP,*,F,택리지,*,*,*,*,*
터키계제족,0,0,0,NNP,*,T,터키계제족,*,*,*,*,*
텔루구족,0,0,0,NNP,*,T,텔루구족,*,*,*,*,*
토다족,0,0,0,NNP,*,T,토다족,*,*,*,*,*
토라자족,0,0,0,NNP,*,T,토라자족,*,*,*,*,*
토정비결,0,0,0,NNP,*,T,토정비결,*,*,*,*,*
통감,0,0,0,NNP,*,T,통감,*,*,*,*,*
통감강목,0,0,0,NNP,*,T,통감강목,*,*,*,*,*
통감기사본말,0,0,0,NNP,*,T,통감기사본말,*,*,*,*,*
통감남요,0,0,0,NNP,*,F,통감남요,*,*,*,*,*
통감답문,0,0,0,NNP,*,T,통감답문,*,*,*,*,*
통감속편,0,0,0,NNP,*,T,통감속편,*,*,*,*,*
통감외기,0,0,0,NNP,*,F,통감외기,*,*,*,*,*
통감절요,0,0,0,NNP,*,F,통감절요,*,*,*,*,*
통감집람,0,0,0,NNP,*,T,통감집람,*,*,*,*,*
통고,0,0,0,NNP,*,F,통고,*,*,*,*,*
통문관지,0,0,0,NNP,*,F,통문관지,*,*,*,*,*
통서,0,0,0,NNP,*,F,통서,*,*,*,*,*
통아,0,0,0,NNP,*,F,통아,*,*,*,*,*
통전,0,0,0,NNP,*,T,통전,*,*,*,*,*
통지,0,0,0,NNP,*,F,통지,*,*,*,*,*
퇴계집,0,0,0,NNP,*,T,퇴계집,*,*,*,*,*
투르크멘,0,0,0,NNP,*,T,투르크멘,*,*,*,*,*
투피족,0,0,0,NNP,*,T,투피족,*,*,*,*,*
퉁구스족,0,0,0,NNP,*,T,퉁구스족,*,*,*,*,*
튜턴인,0,0,0,NNP,*,T,튜턴인,*,*,*,*,*
파스퇴르연구소,0,0,0,NNP,*,F,파스퇴르연구소,*,*,*,*,*
파이완족,0,0,0,NNP,*,T,파이완족,*,*,*,*,*
파타,0,0,0,NNP,*,F,파타,*,*,*,*,*
파타고니아족,0,0,0,NNP,*,T,파타고니아족,*,*,*,*,*
파푸아제족,0,0,0,NNP,*,T,파푸아제족,*,*,*,*,*
판교잡기,0,0,0,NNP,*,F,판교잡기,*,*,*,*,*
판단력비판,0,0,0,NNP,*,T,판단력비판,*,*,*,*,*
판테온,0,0,0,NNP,*,T,판테온,*,*,*,*,*
팔가정화,0,0,0,NNP,*,F,팔가정화,*,*,*,*,*
팔대사,0,0,0,NNP,*,F,팔대사,*,*,*,*,*
팔도지리지,0,0,0,NNP,*,F,팔도지리지,*,*,*,*,*
팔라웅족,0,0,0,NNP,*,T,팔라웅족,*,*,*,*,*
팔서,0,0,0,NNP,*,F,팔서,*,*,*,*,*
팔세아,0,0,0,NNP,*,F,팔세아,*,*,*,*,*
팔역지,0,0,0,NNP,*,F,팔역지,*,*,*,*,*
팡세,0,0,0,NNP,*,F,팡세,*,*,*,*,*
패림,0,0,0,NNP,*,T,패림,*,*,*,*,*
패문운부,0,0,0,NNP,*,F,패문운부,*,*,*,*,*
패문재서화보,0,0,0,NNP,*,F,패문재서화보,*,*,*,*,*
편년통록,0,0,0,NNP,*,T,편년통록,*,*,*,*,*
평양지,0,0,0,NNP,*,F,평양지,*,*,*,*,*
평양지선,0,0,0,NNP,*,T,평양지선,*,*,*,*,*
평주가담,0,0,0,NNP,*,T,평주가담,*,*,*,*,*
포박자,0,0,0,NNP,*,F,포박자,*,*,*,*,*
포은집,0,0,0,NNP,*,T,포은집,*,*,*,*,*
폭력론,0,0,0,NNP,*,T,폭력론,*,*,*,*,*
표해록,0,0,0,NNP,*,T,표해록,*,*,*,*,*
푸에블로인디언,0,0,0,NNP,*,T,푸에블로인디언,*,*,*,*,*
푸유마족,0,0,0,NNP,*,T,푸유마족,*,*,*,*,*
풀라니족,0,0,0,NNP,*,T,풀라니족,*,*,*,*,*
풍,0,0,0,NNP,*,T,풍,*,*,*,*,*
풍운기,0,0,0,NNP,*,F,풍운기,*,*,*,*,*
프랑스백과전서,0,0,0,NNP,*,F,프랑스백과전서,*,*,*,*,*
프로테스탄티즘의윤리와자본주의의정신,0,0,0,NNP,*,T,프로테스탄티즘의윤리와자본주의의정신,*,*,*,*,*
프리기아인,0,0,0,NNP,*,T,프리기아인,*,*,*,*,*
프린키피아,0,0,0,NNP,*,F,프린키피아,*,*,*,*,*
플라망인,0,0,0,NNP,*,T,플라망인,*,*,*,*,*
피그미,0,0,0,NNP,*,F,피그미,*,*,*,*,*
피시카,0,0,0,NNP,*,F,피시카,*,*,*,*,*
핀인,0,0,0,NNP,*,T,핀인,*,*,*,*,*
필득,0,0,0,NNP,*,T,필득,*,*,*,*,*
필트다운인,0,0,0,NNP,*,T,필트다운인,*,*,*,*,*
하둡,0,0,0,NNP,*,T,하둡,*,*,*,*,*
하멜표류기,0,0,0,NNP,*,F,하멜표류기,*,*,*,*,*
하심가,0,0,0,NNP,*,F,하심가,*,*,*,*,*
하와이인,0,0,0,NNP,*,T,하와이인,*,*,*,*,*
하카,0,0,0,NNP,*,F,하카,*,*,*,*,*
학부통변,0,0,0,NNP,*,T,학부통변,*,*,*,*,*
학생독립운동기념일,0,0,0,NNP,*,T,학생독립운동기념일,*,*,*,*,*
학술원상,0,0,0,NNP,*,T,학술원상,*,*,*,*,*
학안,0,0,0,NNP,*,T,학안,*,*,*,*,*
학안록,0,0,0,NNP,*,T,학안록,*,*,*,*,*
한국과학기술연구원,0,0,0,NNP,*,T,한국과학기술연구원,*,*,*,*,*
한국과학기술진흥재단,0,0,0,NNP,*,T,한국과학기술진흥재단,*,*,*,*,*
한국독립운동지혈사,0,0,0,NNP,*,F,한국독립운동지혈사,*,*,*,*,*
한국사,0,0,0,NNP,*,F,한국사,*,*,*,*,*
한국서지,0,0,0,NNP,*,F,한국서지,*,*,*,*,*
한글,0,0,0,NNP,*,T,한글,*,*,*,*,*
한글갈,0,0,0,NNP,*,T,한글갈,*,*,*,*,*
한글날,0,0,0,NNP,*,T,한글날,*,*,*,*,*
한비자,0,0,0,NNP,*,F,한비자,*,*,*,*,*
한서,0,0,0,NNP,*,F,한서,*,*,*,*,*
한시,0,0,0,NNP,*,F,한시,*,*,*,*,*
한위총서,0,0,0,NNP,*,F,한위총서,*,*,*,*,*
한자,0,0,0,NNP,*,F,한자,*,*,*,*,*
한청문감,0,0,0,NNP,*,T,한청문감,*,*,*,*,*
한티족,0,0,0,NNP,*,T,한티족,*,*,*,*,*
한학상태,0,0,0,NNP,*,F,한학상태,*,*,*,*,*
할하족,0,0,0,NNP,*,T,할하족,*,*,*,*,*
합니족,0,0,0,NNP,*,T,합니족,*,*,*,*,*
해국도지,0,0,0,NNP,*,F,해국도지,*,*,*,*,*
해동농서,0,0,0,NNP,*,F,해동농서,*,*,*,*,*
해동명신록,0,0,0,NNP,*,T,해동명신록,*,*,*,*,*
해동명장전,0,0,0,NNP,*,T,해동명장전,*,*,*,*,*
해동문헌총록,0,0,0,NNP,*,T,해동문헌총록,*,*,*,*,*
해동비록,0,0,0,NNP,*,T,해동비록,*,*,*,*,*
해동소학,0,0,0,NNP,*,T,해동소학,*,*,*,*,*
해동야언,0,0,0,NNP,*,T,해동야언,*,*,*,*,*
해동역사,0,0,0,NNP,*,F,해동역사,*,*,*,*,*
해동잡록,0,0,0,NNP,*,T,해동잡록,*,*,*,*,*
해동제국기,0,0,0,NNP,*,F,해동제국기,*,*,*,*,*
해사록,0,0,0,NNP,*,T,해사록,*,*,*,*,*
해여총고,0,0,0,NNP,*,F,해여총고,*,*,*,*,*
해클루트총서,0,0,0,NNP,*,F,해클루트총서,*,*,*,*,*
해행총재,0,0,0,NNP,*,F,해행총재,*,*,*,*,*
햄족,0,0,0,NNP,*,T,햄족,*,*,*,*,*
향가및이두의연구,0,0,0,NNP,*,F,향가및이두의연구,*,*,*,*,*
향례합편,0,0,0,NNP,*,T,향례합편,*,*,*,*,*
향약간이방,0,0,0,NNP,*,T,향약간이방,*,*,*,*,*
향약구급방,0,0,0,NNP,*,T,향약구급방,*,*,*,*,*
향약집성방,0,0,0,NNP,*,T,향약집성방,*,*,*,*,*
향약채집월령,0,0,0,NNP,*,T,향약채집월령,*,*,*,*,*
향연,0,0,0,NNP,*,T,향연,*,*,*,*,*
향토예비군의날,0,0,0,NNP,*,T,향토예비군의날,*,*,*,*,*
헌종실록,0,0,0,NNP,*,T,헌종실록,*,*,*,*,*
현각법어,0,0,0,NNP,*,F,현각법어,*,*,*,*,*
현구기사,0,0,0,NNP,*,F,현구기사,*,*,*,*,*
현대의영웅,0,0,0,NNP,*,T,현대의영웅,*,*,*,*,*
현문,0,0,0,NNP,*,T,현문,*,*,*,*,*
현산어보,0,0,0,NNP,*,F,현산어보,*,*,*,*,*
현응음의,0,0,0,NNP,*,F,현응음의,*,*,*,*,*
현종실록,0,0,0,NNP,*,T,현종실록,*,*,*,*,*
혈액순환의원리,0,0,0,NNP,*,F,혈액순환의원리,*,*,*,*,*
형이상학,0,0,0,NNP,*,T,형이상학,*,*,*,*,*
형이상학서설,0,0,0,NNP,*,T,형이상학서설,*,*,*,*,*
형초세시기,0,0,0,NNP,*,F,형초세시기,*,*,*,*,*
호남병영영지,0,0,0,NNP,*,F,호남병영영지,*,*,*,*,*
호남병자창의록,0,0,0,NNP,*,T,호남병자창의록,*,*,*,*,*
호르친,0,0,0,NNP,*,T,호르친,*,*,*,*,*
호지명루트,0,0,0,NNP,*,F,호지명루트,*,*,*,*,*
호찌민루트,0,0,0,NNP,*,F,호찌민루트,*,*,*,*,*
호텐토트족,0,0,0,NNP,*,T,호텐토트족,*,*,*,*,*
홍무정운,0,0,0,NNP,*,T,홍무정운,*,*,*,*,*
홍무정운역훈,0,0,0,NNP,*,T,홍무정운역훈,*,*,*,*,*
홍문관지,0,0,0,NNP,*,F,홍문관지,*,*,*,*,*
홍색인종,0,0,0,NNP,*,T,홍색인종,*,*,*,*,*
홍위병,0,0,0,NNP,*,T,홍위병,*,*,*,*,*
홍인종,0,0,0,NNP,*,T,홍인종,*,*,*,*,*
홍재전서,0,0,0,NNP,*,F,홍재전서,*,*,*,*,*
화간집,0,0,0,NNP,*,T,화간집,*,*,*,*,*
화계,0,0,0,NNP,*,F,화계,*,*,*,*,*
화담집,0,0,0,NNP,*,T,화담집,*,*,*,*,*
화동정음통석운고,0,0,0,NNP,*,F,화동정음통석운고,*,*,*,*,*
화동협음통석,0,0,0,NNP,*,T,화동협음통석,*,*,*,*,*
화랑세기,0,0,0,NNP,*,F,화랑세기,*,*,*,*,*
화사,0,0,0,NNP,*,F,화사,*,*,*,*,*
화사휘전,0,0,0,NNP,*,T,화사휘전,*,*,*,*,*
화선실수필,0,0,0,NNP,*,T,화선실수필,*,*,*,*,*
화식열전,0,0,0,NNP,*,T,화식열전,*,*,*,*,*
화어유초,0,0,0,NNP,*,F,화어유초,*,*,*,*,*
화엄경행원품,0,0,0,NNP,*,T,화엄경행원품,*,*,*,*,*
화엄사사적,0,0,0,NNP,*,T,화엄사사적,*,*,*,*,*
화원악보,0,0,0,NNP,*,F,화원악보,*,*,*,*,*
화음계몽,0,0,0,NNP,*,T,화음계몽,*,*,*,*,*
화음계몽언해,0,0,0,NNP,*,F,화음계몽언해,*,*,*,*,*
화음방언자의해,0,0,0,NNP,*,F,화음방언자의해,*,*,*,*,*
화이역어,0,0,0,NNP,*,F,화이역어,*,*,*,*,*
화전,0,0,0,NNP,*,T,화전,*,*,*,*,*
화제방,0,0,0,NNP,*,T,화제방,*,*,*,*,*
화포식언해,0,0,0,NNP,*,F,화포식언해,*,*,*,*,*
환경의날,0,0,0,NNP,*,T,환경의날,*,*,*,*,*
환영지,0,0,0,NNP,*,F,환영지,*,*,*,*,*
황극경세서,0,0,0,NNP,*,F,황극경세서,*,*,*,*,*
황극편,0,0,0,NNP,*,T,황극편,*,*,*,*,*
황금전설,0,0,0,NNP,*,T,황금전설,*,*,*,*,*
황색인종,0,0,0,NNP,*,T,황색인종,*,*,*,*,*
황서,0,0,0,NNP,*,F,황서,*,*,*,*,*
황인종,0,0,0,NNP,*,T,황인종,*,*,*,*,*
황제내경,0,0,0,NNP,*,T,황제내경,*,*,*,*,*
황청경해,0,0,0,NNP,*,F,황청경해,*,*,*,*,*
황화집,0,0,0,NNP,*,T,황화집,*,*,*,*,*
회남자,0,0,0,NNP,*,F,회남자,*,*,*,*,*
회삼경,0,0,0,NNP,*,T,회삼경,*,*,*,*,*
회재집,0,0,0,NNP,*,T,회재집,*,*,*,*,*
회홀,0,0,0,NNP,*,T,회홀,*,*,*,*,*
회회,0,0,0,NNP,*,F,회회,*,*,*,*,*
회회력,0,0,0,NNP,*,T,회회력,*,*,*,*,*
회흘,0,0,0,NNP,*,T,회흘,*,*,*,*,*
효경,0,0,0,NNP,*,T,효경,*,*,*,*,*
효경언해,0,0,0,NNP,*,F,효경언해,*,*,*,*,*
효인,0,0,0,NNP,*,T,효인,*,*,*,*,*
효종실록,0,0,0,NNP,*,T,효종실록,*,*,*,*,*
효행록,0,0,0,NNP,*,T,효행록,*,*,*,*,*
후위서,0,0,0,NNP,*,F,후위서,*,*,*,*,*
후자경편,0,0,0,NNP,*,T,후자경편,*,*,*,*,*
후한서,0,0,0,NNP,*,F,후한서,*,*,*,*,*
훈련도감본,0,0,0,NNP,*,T,훈련도감본,*,*,*,*,*
훈몽자회,0,0,0,NNP,*,F,훈몽자회,*,*,*,*,*
훈민정음,0,0,0,NNP,*,T,훈민정음,*,*,*,*,*
훈민정음도해,0,0,0,NNP,*,F,훈민정음도해,*,*,*,*,*
훈민정음언해,0,0,0,NNP,*,F,훈민정음언해,*,*,*,*,*
훈민정음운해,0,0,0,NNP,*,F,훈민정음운해,*,*,*,*,*
훈민정음통사,0,0,0,NNP,*,F,훈민정음통사,*,*,*,*,*
훈민정음해례,0,0,0,NNP,*,F,훈민정음해례,*,*,*,*,*
훈서언해,0,0,0,NNP,*,F,훈서언해,*,*,*,*,*
훈음종편,0,0,0,NNP,*,T,훈음종편,*,*,*,*,*
훈찬편,0,0,0,NNP,*,T,훈찬편,*,*,*,*,*
흑달사략,0,0,0,NNP,*,T,흑달사략,*,*,*,*,*
흑색인종,0,0,0,NNP,*,T,흑색인종,*,*,*,*,*
흑인종,0,0,0,NNP,*,T,흑인종,*,*,*,*,*
흠정고금도서집성,0,0,0,NNP,*,T,흠정고금도서집성,*,*,*,*,*
흠정공정주법칙례,0,0,0,NNP,*,F,흠정공정주법칙례,*,*,*,*,*
흠정만주원류고,0,0,0,NNP,*,F,흠정만주원류고,*,*,*,*,*
흠정몽고원류,0,0,0,NNP,*,F,흠정몽고원류,*,*,*,*,*
흠정서청연보,0,0,0,NNP,*,F,흠정서청연보,*,*,*,*,*
흠정승조순절제신록,0,0,0,NNP,*,T,흠정승조순절제신록,*,*,*,*,*
흠정역대기사연표,0,0,0,NNP,*,F,흠정역대기사연표,*,*,*,*,*
흠정팔기만주씨족통보,0,0,0,NNP,*,F,흠정팔기만주씨족통보,*,*,*,*,*
흠흠신서,0,0,0,NNP,*,F,흠흠신서,*,*,*,*,*
흥왕조승,0,0,0,NNP,*,T,흥왕조승,*,*,*,*,*
희랍인,0,0,0,NNP,*,T,희랍인,*,*,*,*,*
힌두족,0,0,0,NNP,*,T,힌두족,*,*,*,*,*
